Date,D0,D1,D2,D3,D4,D5,D6,D7,D8,D9,TA125,return,,,,,,,,,,,,,,,,,
01-01-03,-0.090516588,-0.079196602,-0.082368543,-0.105698042,-0.118798429,-0.065538528,-0.098607319,-0.073074411,-0.063997753,-0.067299023,-0.014287231,0.080890699,0.985814348,,,,,,0.913459181,0.923858274,0.920932493,0.899696277,0.887986775,0.936562962,0.906098446,0.92953166,0.938007107,0.934915598,0.985814348
01-02-03,-0.085068773,-0.085549111,-0.105277605,-0.065524577,-0.072467947,-0.09678608,-0.08996633,-0.103545342,-0.163220599,-0.051470184,-0.1744354,0.079540554,0.839931112,,,,,,0.918449117,0.918008057,0.900074623,0.936576028,0.930095558,0.907750171,0.913961958,0.90163514,0.849403791,0.949831969,0.839931112
01-03-03,-0.086171296,-0.078640084,-0.044970923,-0.048000111,-0.018439894,-0.078107483,-0.057163855,-0.010458684,0.021090404,-0.03290804,-0.119909284,0.081920943,0.887000899,,,,,,0.917437064,0.924372561,0.95602528,0.953133681,0.98172908,0.924865014,0.944439306,0.989595818,1.021314379,0.967627538,0.887000899
01-04-03,-0.045956191,-0.071123479,-0.011920858,0.004625942,-0.050780059,0.048773124,0.02551501,0.014165082,0.013618054,0.046334867,-0.081535504,0.078300015,0.921699985,,,,,,0.955083802,0.931346883,0.988149914,1.004636658,0.950487699,1.049982108,1.025843304,1.014265882,1.013711202,1.0474251,0.921699985
01-05-03,-0.056677972,0.009191576,-0.000275483,-0.017032297,0.021075725,-0.045218492,0.016732713,0.033199352,0.020445775,0.064031746,-0.076260708,0.073425391,0.926574609,,,,,,0.944898305,1.009233948,0.999724555,0.983111933,1.021299387,0.955788627,1.016873489,1.0337566,1.020656221,1.066126243,0.926574609
01-06-03,-0.069667162,-0.046595632,-0.017258964,-0.038503475,-0.041059025,0.019776207,0.041390608,0.009312922,-0.034483796,0.004037987,0.212687906,0.069690667,1.236998531,,,,,,0.932704208,0.954473278,0.982889119,0.962228361,0.959772477,1.019973051,1.042259141,1.009356423,0.966103994,1.004046151,1.236998531
01-07-03,-0.078357413,-0.134122535,-0.111375103,-0.110477537,-0.150774257,-0.100244171,-0.095873334,-0.164814452,-0.116544402,-0.127430314,-0.065573984,0.063470244,0.936529756,,,,,,0.924633891,0.874482903,0.894603118,0.895406443,0.860041825,0.90461651,0.908579095,0.848051043,0.889990579,0.880354762,0.936529756
01-08-03,-0.069519835,-0.06350195,-0.085718397,-0.07316305,-0.085598815,-0.106534283,-0.102696802,-0.062602341,-0.017706338,-0.096840678,0.019196323,0.058687198,1.019381757,,,,,,0.93284163,0.938472289,0.917852665,0.929449271,0.91796243,0.89894423,0.902400538,0.939316927,0.982449498,0.907700611,1.019381757
01-09-03,-0.046057227,-0.056133853,-0.044127999,-0.05964741,-0.037377715,-0.041719481,-0.032942431,-0.061272039,-0.062465121,-0.034066358,0.095469943,0.054365072,1.100175753,,,,,,0.95498731,0.945412581,0.956831476,0.942096649,0.96331221,0.9591388,0.967594262,0.940567334,0.939445829,0.966507367,1.100175753
01-10-03,-0.056439311,-0.008073746,0.005467097,0.013047757,0.080066606,0.007203055,-0.030049362,0.056672143,0.005274597,0.04406208,-0.058426866,0.056752778,0.943247222,,,,,,0.945123841,0.99195876,1.005482069,1.01313325,1.083359224,1.007229059,0.970397632,1.05830878,1.005288532,1.045047229,0.943247222
01-11-03,-0.061020831,-0.025114269,0.061062538,-0.0060872,-0.015291746,-0.017215545,-0.055386545,0.039293521,0.003119023,0.070417434,-0.279095327,0.055463089,0.756467788,,,,,,0.940803642,0.975198471,1.062965388,0.993931289,0.984824579,0.982931796,0.94611936,1.040075723,1.003123892,1.072955976,0.756467788
01-12-03,-0.060551111,-0.012321848,-0.040180015,-0.02743933,-0.026239052,-0.010162114,-0.025878765,-0.00345938,-0.049375348,-0.065865358,-0.029940798,0.05319501,0.970502988,,,,,,0.94124566,0.987753755,0.960616498,0.972933709,0.974102201,0.989889346,0.97445322,0.996546597,0.951823797,0.936256915,0.970502988
01-01-04,-0.035039027,0.005987851,-0.034471878,0.142153641,0.058174443,0.04009339,0.039282553,0.123156597,0.031089948,0.070794978,-0.049363275,0.048164711,0.951835289,,,,,,0.965567732,1.006005814,0.966115509,1.152753745,1.059899872,1.04090798,1.040064315,1.131061528,1.031578289,1.07336114,0.951835289
01-02-04,-0.053033354,-0.0122868,-0.046940246,-0.020503827,-0.026862242,-0.04475175,0.02332778,0.044748181,-0.022954104,-0.314325524,0.335920126,0.045823864,1.399227258,,,,,,0.948348381,0.987788375,0.95414441,0.979704947,0.97349534,0.956234838,1.023602001,1.045764483,0.977307337,0.730281265,1.399227258
01-03-04,-0.03690548,-0.011295396,-0.02336295,-0.03844019,-0.02409923,-0.020242288,-0.071918591,-0.014572851,0.016629298,0.046936251,-0.04597791,0.044936941,0.955063059,,,,,,0.963767226,0.988768157,0.976907851,0.962289257,0.976188838,0.979961212,0.930606652,0.985532819,1.016768334,1.048055195,0.955063059
01-04-04,-0.018495996,-0.008884974,0.009461775,-0.036852503,-0.009817107,0.040376077,0.021244733,0.028914326,0.090218983,-0.005070829,-0.118463231,0.04212781,0.888284477,,,,,,0.981674006,0.99115438,1.009506679,0.963818285,0.990230923,1.041202272,1.021472009,1.029336403,1.094413916,0.994942006,0.888284477
01-05-04,-0.033176276,-0.088339512,-0.0810374,-0.071113798,-0.064561108,-0.040642018,-0.078434004,-0.039624169,-0.108623762,-0.112535406,-0.059052505,0.04227374,0.942657274,,,,,,0.967368021,0.915450017,0.922159202,0.931355899,0.937478825,0.960172793,0.924563076,0.961150601,0.897067865,0.893565709,0.942657274
01-06-04,-0.03227261,-0.003822331,0.003887177,-0.020017486,-0.015487565,-0.034830691,-0.030952283,-0.052888188,0.039027189,-0.058238269,-0.040548245,0.042987648,0.960262835,,,,,,0.968242594,0.996184965,1.003894742,0.980181534,0.98463175,0.965768916,0.969521835,0.948486059,1.039798755,0.943425132,0.960262835
01-07-04,-0.055696803,-0.056982371,-0.10441564,-0.071329016,-0.095580852,-0.075696029,-0.043667007,-0.070295577,-0.111482742,-0.144015792,-0.042544516,0.041652197,0.958347803,,,,,,0.945825864,0.944610722,0.90085079,0.931155477,0.908844877,0.927097975,0.95727267,0.932118266,0.894506828,0.865874074,0.958347803
01-08-04,-0.069429643,-0.109645023,-0.072529784,-0.101549571,-0.09355425,-0.102896339,-0.050104094,-0.161337304,-0.073783286,-0.074556597,-0.000336156,0.041851864,0.999663901,,,,,,0.932925769,0.896152192,0.930038046,0.903436394,0.910688611,0.902220493,0.951130412,0.851004975,0.928872972,0.928154942,0.999663901
01-09-04,-0.054692286,-0.029644911,-0.04883139,-0.037099135,-0.043132896,-0.044606752,-0.051280486,-0.035019178,-0.058241517,-0.056632678,-0.112896939,0.042419035,0.893242714,,,,,,0.94677644,0.97079019,0.952341691,0.963580606,0.957784096,0.956373499,0.950012168,0.965586898,0.943422067,0.944941104,0.893242714
01-10-04,-0.016003132,-0.075573551,-0.055890229,-0.067357694,-0.074154126,-0.078687855,-0.088577255,-0.055825416,-0.082047522,-0.123447507,-0.043163256,0.042244982,0.957755018,,,,,,0.984124238,0.92721153,0.945642935,0.934860747,0.928528572,0.924328404,0.915232402,0.945704227,0.921228179,0.883868037,0.957755018
01-11-04,-0.011158116,-0.027914114,-0.011763114,-0.003653878,-0.023716176,-0.014462129,-0.02302089,0.042924164,-0.02197676,0.0303077,-0.026291433,0.04147021,0.974051177,,,,,,0.988903905,0.972471885,0.988305801,0.99635279,0.976562842,0.985641946,0.977242069,1.043858729,0.97826297,1.030771653,0.974051177
01-12-04,-0.019908227,0.020560709,-0.016829614,-0.04639135,-0.036533736,-0.064994994,0.007559734,-0.039427277,-0.031763046,0.118032055,-0.042179043,0.041301883,0.958698117,,,,,,0.980288633,1.020773536,0.983311213,0.95466828,0.964125567,0.937072154,1.007588381,0.961339863,0.968736101,1.125280182,0.958698117
01-01-05,0.017051782,0.058075723,0.078593605,0.057141868,0.056755143,0.113722659,0.103789354,0.123090772,0.113939249,0.350215024,-0.038755056,0.038013687,0.961986313,,,,,,1.017197993,1.059795244,1.081764609,1.058806011,1.058396623,1.120441337,1.109366746,1.130987079,1.12068404,1.419372715,0.961986313
01-02-05,-0.030443891,-0.036884813,-0.040056752,0.008772785,0.010986385,0.030137121,-0.028247214,0.029483112,0.045141477,-0.107491622,0.350972437,0.036524775,1.420448173,,,,,,0.970014857,0.963787145,0.960734914,1.008811378,1.011046956,1.030595841,0.972148009,1.029922042,1.046175859,0.898084047,1.420448173
01-03-05,-0.067374735,-0.063691187,-0.050067762,-0.024795431,-0.009106665,-0.058262579,0.004854935,-0.082346633,0.034870531,0.028099839,-0.244560742,0.034804872,0.783048423,,,,,,0.934844817,0.938294713,0.95116497,0.975509451,0.990934675,0.943402198,1.004866739,0.92095267,1.035485637,1.028498364,0.783048423
01-04-05,-0.028373777,-0.002364261,-0.031142618,-0.011399168,-0.008309294,-0.015442521,-0.068357733,0.038870808,-0.022904002,-0.019574437,-0.021929074,0.035518214,0.97830962,,,,,,0.972024978,0.997638532,0.969337318,0.988665557,0.991725133,0.984676103,0.933926318,1.039636162,0.977356304,0.980615898,0.97830962
01-05-05,-0.02587812,-0.049960458,-0.074656495,-0.086812944,-0.047832561,-0.049317421,-0.052236017,-0.078155634,-0.141301398,-0.141158495,-0.045398855,0.037122359,0.955616253,,,,,,0.974453849,0.951267039,0.928062226,0.916848581,0.953293392,0.951878935,0.949104836,0.924820481,0.86822759,0.868351672,0.955616253
01-06-05,-0.114014237,-0.119591075,-0.12662058,-0.115472666,-0.076673013,-0.112912058,-0.153147688,-0.135945816,-0.140197239,-0.2013806,-0.07517537,0.036437536,0.927580803,,,,,,0.892245253,0.887283195,0.881067904,0.890944925,0.926192657,0.893229209,0.858002996,0.872889928,0.869186781,0.817601193,0.927580803
01-07-05,0.032577457,0.021149797,0.05478399,0.014687224,0.03548946,0.046327527,0.058428645,-0.04305693,-0.039690814,0.007512122,0.014180847,0.036216204,1.014281872,,,,,,1.033113912,1.021375039,1.056312416,1.014795611,1.036126727,1.047417412,1.060169334,0.957856858,0.961086547,1.007540409,1.014281872
01-08-05,-0.055404014,-0.034516067,-0.035171018,-0.042127524,-0.03450973,-0.037745071,-0.003301872,-0.047164327,-0.057977653,0.206499156,0.002101117,0.037267451,1.002103326,,,,,,0.946102832,0.966072817,0.965440295,0.958747509,0.96607894,0.962958395,0.996703573,0.953930628,0.943671036,1.229366696,1.002103326
01-09-05,-0.017150102,-0.01175818,-0.047594485,-0.047872416,-0.053246212,-0.013530358,-0.054344751,0.008838313,-0.00055913,0.005890369,-0.038996146,0.038245584,0.961754416,,,,,,0.982996124,0.988310677,0.953520376,0.953255399,0.948146539,0.986560766,0.947105535,1.008877486,0.999441026,1.005907751,0.961754416
01-10-05,-0.022497839,-0.017577147,-0.043934277,-0.025435446,-0.033336957,-0.049888825,-0.021458128,-0.039460719,-0.022197424,-0.032766551,-0.03969603,0.038918466,0.961081534,,,,,,0.97775335,0.98257643,0.957016854,0.97488531,0.967212595,0.951335183,0.97877046,0.961307714,0.978047126,0.967764457,0.961081534
01-11-05,-0.034361892,-0.048481156,-0.039070574,-0.010045996,-0.02697287,-0.026431751,-0.052861811,-0.01016483,-0.088642029,0.262388648,0.023918979,0.043003616,1.024207332,,,,,,0.966221774,0.952675291,0.961682837,0.990004297,0.973387649,0.97391451,0.948511077,0.989886657,0.915173121,1.300031699,1.024207332
01-12-05,-0.051294872,-0.038674822,-0.045000262,-0.037119865,-0.032960489,-0.056971244,-0.006100755,-0.101825159,-0.10815153,-0.102680674,-0.018480256,0.046567143,0.981689457,,,,,,0.949998501,0.9620635,0.955997231,0.963560631,0.967576789,0.944621232,0.993917817,0.903187452,0.897491589,0.902415092,0.981689457
01-01-06,-0.019273584,0.00158781,0.026362258,0.024638974,0.037641708,0.053967372,0.046911806,0.034570208,0.074554666,0.242251226,-0.050707159,0.049443008,0.950556992,,,,,,0.980910964,1.001589071,1.026712817,1.024945022,1.03835913,1.055450164,1.048029575,1.035174704,1.077404239,1.274114243,0.950556992
01-02-06,-0.086139307,-0.05639485,-0.047784558,-0.038400548,-0.051742012,-0.05438026,-0.015505007,-0.060870458,-0.06461715,-0.049725536,0.042947855,0.050108343,1.04388346,,,,,,0.917466413,0.945165863,0.953339154,0.962327405,0.949573814,0.947071904,0.984614577,0.940945124,0.937426289,0.951490538,1.04388346
01-03-06,-0.067256499,-0.036338722,-0.04818294,-0.031047801,-0.031276159,-0.019777521,-0.049284837,-0.054376868,0.055007662,-0.121692419,-0.075052779,0.052075239,0.927694523,,,,,,0.934955356,0.964313604,0.952959436,0.969429232,0.969207881,0.980416772,0.951909951,0.947075117,1.05654871,0.885420665,0.927694523
01-04-06,-0.026160283,-0.015076534,0.013025267,0.03805091,0.046445158,0.015962742,0.030870604,0.044640066,-0.063205585,0.065723122,0.010562805,0.052720525,1.010618788,,,,,,0.974178933,0.985036548,1.013110466,1.038784117,1.047540628,1.016090827,1.031352043,1.045651427,0.938750461,1.067930989,1.010618788
01-05-06,-0.033266982,-0.01597784,-0.063746384,-0.047378948,-0.036652165,-0.060894785,-0.095405534,-0.078884651,-0.05683738,-0.044431946,-0.055612879,0.054094756,0.945905244,,,,,,0.967280279,0.984149128,0.938242923,0.953725916,0.964011394,0.940922234,0.909004228,0.924146518,0.944747692,0.956540695,0.945905244
01-06-06,-0.105595645,-0.109649583,-0.113217757,-0.130797954,-0.101089465,-0.127358286,-0.142286909,-0.124059333,-0.125345537,-0.11947122,-0.042728034,0.055479758,0.958171945,,,,,,0.899788408,0.896148106,0.892956191,0.877395031,0.903852167,0.880418175,0.867372364,0.883327429,0.88219202,0.887389547,0.958171945
01-07-06,-0.048796202,-0.045588367,-0.04271882,-0.061415429,-0.040648429,-0.044779276,-0.024472494,-0.028258184,-0.01853789,-0.074633196,-0.130664408,0.055709031,0.877512211,,,,,,0.952375202,0.95543517,0.958180773,0.940432475,0.960166637,0.956208516,0.97582453,0.972137344,0.98163288,0.928083849,0.877512211
01-08-06,-0.056495735,-0.059521122,-0.086626296,-0.091494751,-0.087736555,-0.050436819,-0.069607149,-0.098812212,-0.058654524,-0.100159103,-0.096454701,0.0560232,0.90805103,,,,,,0.945070515,0.942215632,0.917019726,0.912566106,0.916002161,0.950814,0.932760184,0.905912812,0.943032508,0.904693467,0.90805103
01-09-06,-0.056637117,-0.04912754,-0.039641806,-0.023888767,-0.038258763,-0.013711605,-0.045532723,-0.055498355,-0.036464443,-0.162613639,-0.058218759,0.056556462,0.943443538,,,,,,0.944936908,0.952059696,0.96113365,0.976394311,0.962463859,0.986381971,0.955488335,0.94601358,0.964192377,0.849919501,0.943443538
01-10-06,-0.026105328,0.007651649,0.007487916,0.013869435,0.060992699,0.002481538,0.03484567,-0.017187884,0.028897735,0.108471058,-0.058018738,0.056367734,0.943632266,,,,,,0.97423247,1.007680997,1.007516021,1.013966062,1.062891154,1.00248462,1.035459893,0.982958985,1.029319326,1.114572651,0.943632266
01-11-06,-0.014459945,-0.023647478,-0.021209213,-0.005300102,-0.022050016,-0.013017674,-0.014122704,-0.030513948,0.106992389,0.15919745,-0.036504954,0.052940274,0.964153317,,,,,,0.985644098,0.976629933,0.97901412,0.994713919,0.978191308,0.987066689,0.985976553,0.969946903,1.112925784,1.172569447,0.964153317
01-12-06,-0.059466569,-0.058771821,-0.033736547,-0.059877001,-0.049558357,-0.018650976,0.00809361,-0.080742127,-0.05331012,-0.091552898,-0.052501066,0.05114669,0.94885331,,,,,,0.942267034,0.9429219,0.966826184,0.941880377,0.951649621,0.981521877,1.008126452,0.922431531,0.948085946,0.912513045,0.94885331
01-01-07,-0.049566274,-0.020339603,-0.002445357,0.014143497,-0.029228715,-0.009369912,0.048178644,0.016917249,0.059379726,-0.043587121,0.091666363,0.049610685,1.095999095,,,,,,0.951642087,0.979865851,0.997557631,1.014243989,0.971194313,0.990673849,1.0493581,1.017061156,1.061178121,0.957349145,1.095999095
01-02-07,-0.050778945,-0.021220369,-0.012765441,-0.017287264,-0.052250513,-0.058566943,-0.023417157,-0.021840589,0.003428885,0.0570251,0.168375403,0.045883687,1.183380772,,,,,,0.950488758,0.979003199,0.987315691,0.982861303,0.949091078,0.943115103,0.976854897,0.978396189,1.00343477,1.058682383,1.183380772
01-03-07,-0.038774389,-0.037125373,-0.003480401,-0.005829592,-0.026744874,-0.01871608,-0.048724584,-0.051998769,0.027976413,-0.017146577,-0.045675697,0.044648265,0.955351735,,,,,,0.961967715,0.963555324,0.996525648,0.994187367,0.973609603,0.981457979,0.952443411,0.949330036,1.028371428,0.982999589,0.955351735
01-04-07,-0.013727476,-0.001857333,-0.001488124,0.008632768,0.036404166,0.065210955,0.006578968,0.089633344,0.021634466,0.045702478,-0.222890541,0.043184003,0.800202434,,,,,,0.986366316,0.998144391,0.998512983,1.008670137,1.037074912,1.067384171,1.006600657,1.093773171,1.021870187,1.046762929,0.800202434
01-05-07,-0.027999196,-0.009441822,-0.041677765,-0.041712014,-0.056599984,-0.031499704,-0.023717262,-0.060035748,-0.004014791,-0.021358143,-0.040696828,0.039879832,0.960120168,,,,,,0.972389148,0.990602612,0.959178812,0.959145961,0.944971998,0.968991244,0.976561782,0.941730868,0.995993258,0.978868327,0.960120168
01-06-07,-0.054024522,-0.060611992,-0.057228141,-0.053456135,-0.04844694,-0.036445269,-0.090644459,-0.08380599,-0.032818324,-0.016411225,-0.038023364,0.037309552,0.962690448,,,,,,0.947408873,0.941188358,0.944378593,0.947947522,0.952707889,0.964210865,0.913342384,0.919609652,0.967714354,0.983722706,0.962690448
01-07-07,-0.073451958,-0.075968655,-0.104967348,-0.090474978,-0.07307649,-0.101135311,-0.046010549,-0.046113012,-0.056524571,-0.0749999,0.099977145,0.03801205,1.10514566,,,,,,0.929180785,0.926845258,0.90035392,0.913497191,0.929529728,0.903810729,0.955031887,0.954934037,0.945043263,0.927743579,1.10514566
01-08-07,-0.073284783,-0.065958133,-0.101246905,-0.05355122,-0.072049792,-0.142612039,-0.071299688,-0.133095956,-0.135339959,-0.157002379,-0.036708379,0.039006527,0.963957205,,,,,,0.929336134,0.936170058,0.903709875,0.94785739,0.930484564,0.867090401,0.931182786,0.87538109,0.873418935,0.854702025,0.963957205
01-09-07,-0.01515584,-0.014261642,-0.033408666,-0.026226585,-0.03900092,-0.059357275,0.033905984,-0.051209052,-0.026097383,-0.116436424,-0.098979771,0.043721062,0.905761031,,,,,,0.984958432,0.985839573,0.96714324,0.974114345,0.961749824,0.942370024,1.034487343,0.950080034,0.974240211,0.890086684,0.905761031
01-10-07,-0.040593541,-0.04075826,-0.013464359,-0.043015258,-0.040666281,-0.03253624,-0.021364686,-0.031642745,-0.012003576,-0.006423855,-0.034733579,0.04213805,0.965862708,,,,,,0.96021934,0.960061187,0.98662588,0.957896774,0.960149496,0.967987369,0.978861922,0.968852647,0.98806818,0.993596734,0.965862708
01-11-07,-0.075672131,-0.075542476,-0.123887147,-0.10489349,-0.126373785,-0.085284494,-0.09667094,-0.108743127,-0.173275674,-0.073804836,-0.173384142,0.042128568,0.84081456,,,,,,0.927120131,0.927240344,0.883479539,0.900420422,0.881285374,0.91825101,0.907854696,0.896960793,0.840905767,0.928852955,0.84081456
01-12-07,-0.052532006,-0.078950133,-0.085407179,-0.04791891,-0.083684916,-0.162872129,-0.033499631,-0.054951324,-0.099331877,-0.141417839,0.166117693,0.042270088,1.180712055,,,,,,0.948823952,0.924086005,0.918138362,0.95321108,0.919721,0.849699833,0.967055268,0.94653122,0.905442163,0.868126498,1.180712055
01-01-08,-0.13862875,-0.128825853,-0.17809529,-0.185030216,-0.197137586,-0.167812164,-0.117807445,-0.161789154,-0.22321894,-0.180422515,-0.0418389,0.045031786,0.959024267,,,,,,0.870551161,0.87912705,0.836862675,0.831079171,0.821077657,0.845512638,0.888867192,0.850620535,0.799939692,0.834917371,0.959024267
01-02-08,-0.025628534,-0.039049494,-0.023548206,-0.048599734,-0.02982996,-0.028257289,-0.011148276,-0.045056356,-0.05595661,-0.032223296,-0.115548128,0.043850451,0.890877695,,,,,,0.974697089,0.961703109,0.976726889,0.952562331,0.970610562,0.972138214,0.988913636,0.955943607,0.945580163,0.968290343,0.890877695
01-03-08,-0.088841631,-0.068284688,-0.094277539,-0.086943669,-0.1231729,-0.104020614,-0.151622283,-0.128460249,-0.185520094,-0.19265632,-0.041852088,0.040988381,0.959011619,,,,,,0.914990469,0.933994538,0.910030159,0.916728735,0.884110786,0.90120672,0.859312796,0.879448521,0.830672144,0.824765381,0.959011619
01-04-08,-0.021668183,-0.047310419,-0.056344808,-0.065436958,-0.091339253,-0.04986772,-0.059704566,-0.081264586,-0.093684735,-0.128029717,-0.155320611,0.033617438,0.856140645,,,,,,0.978564886,0.953791277,0.945213162,0.936658094,0.912708019,0.951355261,0.942042804,0.921949724,0.910569788,0.879827233,0.856140645
01-05-08,-0.006475818,-0.027450485,-0.029343046,-0.033608994,-0.016730806,-0.062947377,-0.050007709,-0.036679254,-0.060915725,-0.096775843,-0.032043539,0.031535585,0.968464415,,,,,,0.993545105,0.972922855,0.971083281,0.966949513,0.983408376,0.938992885,0.951222091,0.96398528,0.940902531,0.907759464,0.968464415
01-06-08,-0.072976701,-0.107057646,-0.13028165,-0.107392722,-0.135430531,-0.153856492,-0.21477155,-0.185203896,-0.131910176,-0.272238968,-0.036666029,0.036001971,0.963998029,,,,,,0.929622489,0.898473878,0.87784815,0.898172871,0.873339831,0.857395056,0.806725716,0.830934842,0.876419715,0.761672224,0.963998029
01-07-08,-0.03685114,-0.034786132,-0.021372761,-0.048688882,-0.021581425,0.007458438,-0.018068301,-0.031341987,-0.03605189,0.002316604,0.018253268,0.038156445,1.018420877,,,,,,0.963819599,0.96581195,0.978854018,0.952477416,0.978649788,1.007486322,0.982093952,0.969144082,0.964590239,1.00231929,1.018420877
01-08-08,-0.045340499,-0.051809416,-0.059541819,-0.091500586,-0.027128091,-0.076910326,-0.082112646,-0.07204564,-0.041645452,-0.15073915,-0.118875503,0.038818536,0.887918337,,,,,,0.955672021,0.949509811,0.942196131,0.912560781,0.973236571,0.925972885,0.921168187,0.930488427,0.959209807,0.860072019,0.887918337
01-09-08,-0.110573561,-0.114757635,-0.117827114,-0.147149619,-0.159713156,-0.224429353,-0.191335185,-0.255463537,-0.185868943,-0.320317467,-0.049175226,0.040906791,0.952014298,,,,,,0.895320467,0.891582206,0.888849709,0.863164822,0.852388256,0.79897202,0.825855728,0.774557378,0.830382415,0.725918545,0.952014298
01-10-08,-0.147478638,-0.205187308,-0.207138724,-0.246928106,-0.25954605,-0.266800694,-0.253430034,-0.28715635,-0.269240491,-0.251292052,-0.154446062,0.041819497,0.85688971,,,,,,0.862880871,0.814494741,0.812906872,0.781196855,0.771401684,0.76582569,0.776134046,0.750394396,0.763959508,0.777795182,0.85688971
01-11-08,-0.161495203,-0.174153982,-0.159441671,-0.153867962,-0.227907186,-0.279321974,-0.209220453,-0.265635372,-0.321560524,-0.265733111,-0.198281504,0.034820015,0.820138948,,,,,,0.850870613,0.840167517,0.852619699,0.857385221,0.796198154,0.756296356,0.811216381,0.766718643,0.725016748,0.766643709,0.820138948
01-12-08,-0.072676551,-0.040893934,-0.076625592,-0.089333393,-0.125960979,-0.164983765,-0.102477604,-0.085624086,-0.222072314,-0.268012569,-0.194699956,0.029882371,0.823081581,,,,,,0.929901557,0.959930941,0.92623658,0.914540621,0.881649249,0.84790747,0.902598364,0.917939232,0.800857449,0.764898167,0.823081581
01-01-09,-0.018748606,-0.00867784,-0.006789613,0.072151536,0.092279426,0.072998457,0.196433585,0.063407361,0.265767978,0.294174604,-0.065593177,0.019591046,0.936511781,,,,,,0.981426055,0.991359704,0.993233384,1.074818205,1.096671218,1.075728877,1.217054488,1.065460778,1.304432366,1.342018205,0.936511781
01-02-09,0.013954806,-0.034816347,-0.017277965,-0.014656022,-0.026645749,-0.002492783,0.001575147,0.001877907,0.027254335,0.087204579,0.565351238,0.013057242,1.760065876,,,,,,1.014052629,0.965782769,0.982870444,0.985450855,0.973706117,0.997510321,1.001576388,1.001879672,1.027629132,1.091119877,1.760065876
01-03-09,0.025719443,0.124142258,0.142409179,0.155606364,0.140748282,0.152090165,0.202901151,0.211043154,0.209930066,-0.15755797,-0.528718682,0.007163749,0.589359643,,,,,,1.026053042,1.13217692,1.153048355,1.168366201,1.151134851,1.164265208,1.224951377,1.234965648,1.233591786,0.854227293,0.589359643
01-04-09,0.000165654,0.020570449,0.020718892,0.068046101,0.052679616,0.044758599,0.053420421,0.097739856,0.0861651,0.195590087,0.446113328,0.006550717,1.5622285,,,,,,1.000165667,1.020783479,1.020935018,1.070414654,1.054091877,1.045775378,1.054873043,1.102675893,1.089986271,1.216028338,1.5622285
01-05-09,-0.004047485,0.048359585,0.060492085,0.138710813,0.103411163,0.079025624,0.107277626,0.178400804,0.170653226,0.260048263,-0.005256274,0.005242484,0.994757516,,,,,,0.995960695,1.049547989,1.062359189,1.148791836,1.108947273,1.082232053,1.113243276,1.195304308,1.186079376,1.296992682,0.994757516
01-06-09,-0.015634067,-0.007553304,0.007986746,0.016839779,0.036821189,0.01571543,0.059106799,0.062532699,0.102356966,0.118288082,-0.004875019,0.004863156,0.995136844,,,,,,0.984487511,0.992475151,1.008018725,1.016982368,1.037507486,1.015839566,1.060888536,1.064529268,1.10777884,1.12556832,0.995136844
01-07-09,-0.000597949,-0.010734085,0.068596744,0.035656211,0.050075068,0.078340359,0.068343144,0.062049305,0.101067671,0.083577469,-0.199173572,0.004191205,0.819407655,,,,,,0.999402229,0.98932332,1.071004233,1.036299517,1.051350016,1.081490692,1.070732661,1.064014805,1.106351507,1.087169434,0.819407655
01-08-09,0.042846161,0.021504372,0.022490955,-0.019747126,0.095360952,0.019971581,0.035316309,0.022081827,0.038902803,0.398147867,-0.005990516,0.005972608,0.994027392,,,,,,1.043777309,1.021737257,1.022745784,0.980446571,1.100055851,1.020172348,1.035947336,1.022327435,1.039669426,1.489064197,0.994027392
01-09-09,-0.008654372,-0.010406429,-0.037031824,-0.009898829,-0.030464247,-0.022916778,-0.048136803,-0.059967185,-0.034457019,-0.255614776,0.105380782,0.008915697,1.11113363,,,,,,0.991382969,0.98964753,0.963645468,0.990150003,0.969995112,0.977343817,0.953003404,0.941795438,0.966129864,0.774440244,1.11113363
01-10-09,0.020482766,0.009685489,0.057451416,0.034479479,0.000666489,0.029061148,0.044575729,0.049319005,0.021980603,0.329839045,0.007281569,0.009799201,1.007308144,,,,,,1.020693978,1.009732545,1.059133813,1.035080787,1.000666712,1.029487544,1.045584155,1.05055543,1.022223956,1.390744263,1.007308144
01-11-09,-0.026005852,0.009727139,0.003597105,0.026712599,-0.009706529,-0.0069237,0.089251004,0.031391052,-0.001558214,0.031214135,-0.008690589,0.008652935,0.991347065,,,,,,0.974329388,1.009774601,1.003603582,1.027072579,0.990340428,0.993100213,1.093355058,1.031888947,0.998442999,1.031706405,0.991347065
01-12-09,-0.040537653,-0.0110541,-0.060429412,-0.061374635,-0.027140549,-0.065399118,-0.075530562,-0.011762556,-0.031132798,0.283236821,-0.008944559,0.008904675,0.991095325,,,,,,0.960273007,0.989006772,0.941360215,0.940470841,0.973224446,0.936693538,0.927251391,0.988306352,0.969346837,1.327419485,0.991095325
01-01-10,0.085565538,0.067044248,0.127580054,0.133883432,0.115529882,0.1155056,0.006779943,0.131037369,0.088086785,0.03488056,-0.106898387,0.012207791,0.89861698,,,,,,1.089332952,1.069342794,1.136075811,1.143259544,1.122468056,1.1224408,1.006802979,1.140010382,1.092082894,1.035496021,0.89861698
01-02-10,0.034691203,0.018806837,0.06972188,0.022437398,0.082604761,0.04652504,0.092207372,0.070983087,0.085257768,0.001022229,0.257066191,0.014076647,1.293130717,,,,,,1.035299962,1.0189848,1.072209937,1.02269101,1.08611245,1.047624311,1.096592201,1.073563069,1.08899774,1.001022751,1.293130717
01-03-10,0.002503263,-0.007873052,-0.027484214,0.027285398,-0.024598503,0.019746149,0.000305574,-0.006731871,-0.06117477,0.040751416,-0.014131259,0.014031881,0.985968119,,,,,,1.002506399,0.992157859,0.97289004,1.027661053,0.975701574,1.019942393,1.000305621,0.993290737,0.940658827,1.04159315,0.985968119
01-04-10,-0.056566217,-0.016741809,-0.053400678,-0.046757699,-0.058929297,-0.057569139,-0.086319897,-0.040951763,-0.079677579,1.077336554,-0.015467384,0.015348379,0.984651621,,,,,,0.945003907,0.983397556,0.948000093,0.954318602,0.942773424,0.944056617,0.917300742,0.959875431,0.923414027,2.936846991,0.984651621
01-05-10,-0.08769384,-0.086638575,-0.082860771,-0.111831646,-0.110391297,-0.139467357,-0.112168443,-0.151279621,-0.182334429,-0.245237145,0.025102364,0.016941145,1.025420081,,,,,,0.916041289,0.917008466,0.920479295,0.894194786,0.895483666,0.869821416,0.893893675,0.859607301,0.833322606,0.782518946,1.025420081
01-06-10,-0.027242761,-0.03831829,-0.043424102,-0.048402568,-0.052295073,-0.040775777,-0.06494792,-0.072472226,-0.07149595,0.045152434,-0.084224059,0.016501252,0.919225272,,,,,,0.973124976,0.962406567,0.957505224,0.952750163,0.949048786,0.96004437,0.937116267,0.930091578,0.931000048,1.046187323,0.919225272
01-07-10,-0.020230925,0.027723576,0.024093025,0.027530758,0.018296355,0.002422752,0.006593055,0.030849917,-0.053937045,0.001283734,-0.049535831,0.017630466,0.951671059,,,,,,0.979972347,1.028111451,1.024385607,1.027913231,1.018464759,1.00242569,1.006614837,1.031330707,0.947491754,1.001284558,0.951671059
01-08-10,-0.00228846,-0.001217846,0.003480755,-0.017478199,0.023298352,-0.005976384,0.017837523,0.001194785,0.022170203,0.409632094,0.097437209,0.017570108,1.102342222,,,,,,0.997714156,0.998782896,1.00348682,0.982673659,1.023571878,0.994041439,1.017997561,1.001195499,1.022417788,1.506263519,1.102342222
01-09-10,0.011407225,0.004659974,-0.006509468,-0.008639776,0.01690863,0.022173427,0.023274078,0.051332933,0.083067665,0.186299859,-0.079109436,0.018808869,0.923938807,,,,,,1.011472536,1.004670848,0.993511673,0.991397439,1.01705239,1.022421084,1.023547033,1.052673305,1.086615332,1.204783471,0.923938807
01-10-10,0.042963178,0.0128531,0.043440467,0.082914214,0.073833358,0.072914915,0.036827796,0.097225786,0.067068995,0.260320358,-0.020050097,0.01985043,0.98014957,,,,,,1.043899456,1.012936056,1.044397817,1.086448603,1.076627379,1.075639013,1.037514342,1.102109186,1.069369257,1.297345635,0.98014957
01-11-10,-0.036299608,-0.041558922,-0.041887906,-0.046784543,-0.038885917,-0.05324288,-0.02862111,-0.029949294,-0.086924464,0.023543181,-0.021488315,0.021259086,0.978740914,,,,,,0.964351323,0.95929281,0.958977271,0.954292984,0.961860435,0.948149698,0.971784594,0.970494743,0.91674634,1.023822509,0.978740914
01-12-10,0.021858729,0.018954461,0.014445688,0.029044316,0.047837421,-0.013165011,-0.014834516,0.002874246,-0.086364124,0.55609035,0.045765624,0.020987954,1.046829031,,,,,,1.022099381,1.019135237,1.014550531,1.029470216,1.049000096,0.986921269,0.985274973,1.00287838,0.917260174,1.743841346,1.046829031
01-01-11,-0.049310005,-0.036341798,-0.023051127,-0.039154071,-0.027180949,-0.014258588,-0.042972301,0.022714576,0.017023937,-0.06018869,-0.021787064,0.02155144,0.97844856,,,,,,0.951885994,0.964310638,0.977212521,0.961602542,0.973185129,0.985842585,0.957937924,1.022974516,1.01716967,0.941586849,0.97844856
01-02-11,-0.041529701,-0.043499644,-0.053992449,-0.027940752,-0.030288252,-0.034773103,-0.040255146,-0.040080379,-0.032163186,-0.168294367,0.03434443,0.021913975,1.03494101,,,,,,0.959320842,0.957432895,0.947439261,0.972445981,0.970165841,0.965824535,0.960544329,0.960712215,0.968348548,0.845105027,1.03494101
01-03-11,-0.010351182,-0.001572047,-0.018619605,0.00063451,-0.038952905,-0.047421293,-0.046935481,-0.036309261,-0.030447333,-0.169342166,-0.038507704,0.02515316,0.962224291,,,,,,0.989702207,0.998429188,0.981552669,1.000634711,0.961796004,0.953685532,0.954148956,0.964342014,0.970011518,0.84421999,0.962224291
01-04-11,-0.026527422,-0.033959673,-0.043691737,-0.027751346,-0.024477742,-0.043734614,-0.054417556,-0.041948929,-0.054066149,-0.21644693,-0.057726696,0.028101109,0.943907886,,,,,,0.97382134,0.966610484,0.957248996,0.972630185,0.975819408,0.957207953,0.947036583,0.958918752,0.947369437,0.805375275,0.943907886
01-05-11,-0.064831142,-0.04211518,-0.099530435,-0.106261763,-0.102346478,-0.140873969,-0.137130406,-0.163462691,-0.191296231,-0.302547155,0.000190644,0.031534771,1.000190662,,,,,,0.937225708,0.958759344,0.905262398,0.899189243,0.902716726,0.868598775,0.871856524,0.849198181,0.825887898,0.738933643,1.000190662
01-06-11,-0.049529745,-0.069987845,-0.088319317,-0.064303921,-0.06148384,-0.067908593,-0.053831745,-0.03877225,-0.080229338,0.131008762,-0.080275826,0.031327868,0.922861762,,,,,,0.95167685,0.932405153,0.915468505,0.937719964,0.940368142,0.934345876,0.94759153,0.961969772,0.922904665,1.13997777,0.922861762
01-07-11,-0.046578608,-0.056626283,-0.044813479,-0.046365972,-0.052086656,-0.093471694,-0.107710921,-0.118029439,-0.138472092,-0.369665231,-0.063983825,0.032450733,0.938020171,,,,,,0.954489527,0.944947146,0.956175812,0.954692508,0.949246606,0.910763797,0.89788712,0.888669891,0.87068755,0.690965606,0.938020171
01-08-11,-0.040725271,-0.064802794,-0.078154368,-0.087673625,-0.095759062,-0.1366885,-0.087894945,-0.182561355,-0.16649585,-0.217574416,-0.02028799,0.031861421,0.979916426,,,,,,0.960092859,0.937252277,0.924821652,0.916059807,0.908682926,0.872241887,0.915857087,0.833133526,0.84662633,0.804467737,0.979916426
01-09-11,-0.043359059,-0.073687648,-0.075696064,-0.080065662,-0.086063413,-0.1080365,-0.094930006,-0.110598541,-0.075403692,-0.149584622,-0.030885242,0.030413165,0.969586835,,,,,,0.957567505,0.928961812,0.927097942,0.923055735,0.917536045,0.897594834,0.909436588,0.895298103,0.927369039,0.86106557,0.969586835
01-10-11,-0.016938799,0.012873783,0.005607771,0.001238584,0.00156305,0.039506531,0.049994826,0.057682114,0.067910222,0.003373649,-0.028791289,0.028380769,0.971619231,,,,,,0.983203856,1.012957007,1.005623524,1.001239351,1.001564272,1.040297293,1.051265657,1.05937818,1.070269218,1.003379346,0.971619231
01-11-11,-0.021328846,-0.008614089,-0.04203946,-0.029869333,-0.052916113,-0.017711614,-0.034614962,-0.061763861,-0.117739294,0.090195043,-0.121558717,0.026254485,0.885539055,,,,,,0.978897005,0.991422906,0.958831944,0.970572347,0.948459572,0.982444314,0.965977283,0.940104856,0.888927771,1.094387716,0.885539055
01-12-11,-0.064916873,-0.054322996,-0.056889255,-0.025356211,-0.059473631,-0.025532077,-0.087737394,-0.075958952,0.018295377,-0.406940939,-0.083311993,0.026214381,0.920064049,,,,,,0.937145363,0.947126139,0.944698684,0.974962558,0.94226038,0.97479111,0.916001392,0.926854251,1.018463763,0.665683505,0.920064049
01-01-12,0.014416767,-0.003864843,-0.012636094,0.001244169,-0.007385183,0.027579457,0.015772535,0.073663062,0.083100066,0.35604578,-0.015460525,0.02585959,0.984658375,,,,,,1.01452119,0.996142616,0.987443406,1.001244943,0.99264202,1.027963291,1.015897578,1.076444049,1.08665054,1.427672905,0.984658375
01-02-12,-0.029668128,-0.06662661,-0.06501389,-0.050294983,-0.066323626,-0.066894258,-0.075068954,-0.140570405,-0.137177628,-0.41042233,-0.006071244,0.024423454,0.993947149,,,,,,0.970767651,0.935544459,0.937054448,0.95094887,0.935827957,0.935294096,0.927679517,0.868862491,0.871815354,0.66337003,0.993947149
01-03-12,-0.006424287,-0.013824772,-0.00353791,-0.001414472,-0.012836684,0.005093899,-0.010697036,0.018084437,-0.093351369,-0.089614083,-0.029062962,0.023934706,0.971355304,,,,,,0.993596304,0.986270351,0.996468341,0.998586528,0.987245355,1.005106895,0.989359974,1.018248951,0.910873392,0.914283955,0.971355304
01-04-12,-0.006875534,-0.002284406,0.007103875,-0.010488824,0.012712217,0.001308182,0.016160495,0.038144389,-0.005004211,0.283079707,-0.043907447,0.025062759,0.957042531,,,,,,0.993148049,0.997718201,1.007129167,0.989565992,1.01279336,1.001309038,1.016291782,1.038881225,0.995008289,1.327210945,0.957042531
01-05-12,-0.048751789,-0.051443309,-0.098476355,-0.072716536,-0.076709343,-0.105495845,-0.105904091,-0.094908385,-0.233639083,-0.567572695,0.038520695,0.025271304,1.039272236,,,,,,0.952417501,0.949857496,0.90621712,0.929864376,0.92615901,0.899878211,0.899510915,0.909456251,0.791647483,0.566899809,1.039272236
01-06-12,-0.041445459,-0.04810571,-0.053457666,-0.071567211,-0.072702809,-0.084328387,-0.066431177,-0.043516047,-0.165743037,0.179350443,-0.054465415,0.024708251,0.94699126,,,,,,0.95940166,0.953033037,0.947946071,0.930933707,0.92987714,0.919129376,0.935727313,0.957417191,0.847263922,1.196439955,0.94699126
01-07-12,-0.045681512,-0.053237848,-0.041217417,-0.063900078,-0.043015675,-0.079901675,-0.086541313,-0.035772457,-0.083887024,-0.021209905,-0.017381728,0.022622638,0.982768463,,,,,,0.95534618,0.948154469,0.95962047,0.938098732,0.957896375,0.923207116,0.91709766,0.964859815,0.919535136,0.979013443,0.982768463
01-08-12,-0.03674825,-0.013036509,-0.041244275,-0.037042564,-0.027642999,0.00037946,-0.038027592,-0.108028993,-0.111730027,0.210088955,-0.061916949,0.020463527,0.939960948,,,,,,0.963918771,0.987048098,0.959594696,0.963635118,0.972735573,1.000379532,0.962686378,0.897601572,0.894285658,1.233787807,0.939960948
01-09-12,0.016252569,0.020238953,0.039720552,0.01212549,0.048658385,0.040992955,0.058745714,0.001684553,0.042391608,-0.403689981,-0.015402593,0.019803059,0.98471542,,,,,,1.01638536,1.02044515,1.040519962,1.012199302,1.049861641,1.041844765,1.060505535,1.001685973,1.043302964,0.667851136,0.98471542
01-10-12,-0.003173287,0.029637654,0.015177519,0.007726307,0.003409981,0.049833095,0.00257819,0.028763091,0.077769724,0.298792422,-0.021588318,0.021356958,0.978643042,,,,,,0.996831742,1.03008122,1.015293282,1.007756232,1.003415802,1.051095649,1.002581516,1.029180743,1.080873731,1.348229732,0.978643042
01-11-12,0.008886376,0.020348871,0.013626039,-0.006018099,0.007775361,0.00959525,0.013652181,0.001873603,0.11049001,0.070559922,-0.021531605,0.021301454,0.978698546,,,,,,1.008925977,1.02055732,1.013719296,0.993999973,1.007805667,1.009641431,1.013745797,1.001875359,1.116825192,1.07310887,0.978698546
01-12-12,-0.00117625,0.01525802,0.016362533,-0.002247286,0.054071995,-0.019877458,-0.020314444,-0.038574978,-0.045755778,-0.501380361,0.063251513,0.018922672,1.065294741,,,,,,0.998824442,1.015375018,1.016497133,0.997755237,1.055560595,0.980318796,0.979890504,0.962159561,0.955275233,0.605694006,1.065294741
01-01-13,-0.003495961,-0.010426107,-0.034282606,-0.008884969,-0.04266047,0.017724152,-0.027634111,0.026849967,-0.059516049,0.628290363,-0.015538894,0.018337417,0.984581212,,,,,,0.996510143,0.989628056,0.966298384,0.991154385,0.958236685,1.017882157,0.972744218,1.027213675,0.942220412,1.87440329,0.984581212
01-02-13,0.010300904,0.031844999,0.061889706,0.054664409,0.05773643,0.03190723,0.064982731,0.037372306,-0.014927279,-0.591658115,-0.022537832,0.01689454,0.977714247,,,,,,1.010354141,1.032357477,1.063845002,1.056186108,1.059435724,1.032421723,1.067140596,1.038079432,0.98518358,0.553408908,0.977714247
01-03-13,-0.015150335,-0.004732163,0.02243102,0.02786129,-0.008473604,-0.01018209,-0.005011066,-0.033447065,-0.04169646,-0.179526869,-0.016927795,0.016785325,0.983214675,,,,,,0.984963854,0.995279016,1.022684487,1.028253045,0.991562196,0.989869572,0.995001469,0.967106103,0.95916088,0.835665497,0.983214675
01-04-13,-0.018393242,-0.013441072,-0.014906586,-0.004692218,-0.025878297,-0.022658617,0.000459093,-0.023496528,-0.034906417,0.135613796,0.095735605,0.016502679,1.100468067,,,,,,0.981774882,0.986648856,0.985203967,0.995318773,0.974453676,0.977596161,1.000459199,0.976777366,0.965695784,1.145239512,1.100468067
01-05-13,0.004445598,0.020913847,-0.003655493,0.024108755,-0.00181532,0.024181513,-0.00942168,0.007944362,-0.041708986,0.420404151,-0.108968528,0.01684809,0.89675864,,,,,,1.004455494,1.021134074,0.99635118,1.024401721,0.998186327,1.024476257,0.990622565,1.007976003,0.959148865,1.522576783,0.89675864
01-06-13,-0.041603761,-0.029649554,-0.021246284,-0.072117653,-0.016401597,-0.046658131,-0.026068461,0.016904944,-0.034530039,-0.473090095,-0.014859435,0.014749578,0.985250422,,,,,,0.959249797,0.970785682,0.978977828,0.930421422,0.983732177,0.954413627,0.974268388,1.017048641,0.966059319,0.623073933,0.985250422
01-07-13,0.007644244,0.024409222,0.018176799,0.046178396,-0.000973489,0.035874748,0.06334366,-0.007301928,0.020142995,-0.272434407,-0.01015001,0.012354765,0.989901327,,,,,,1.007673536,1.024709565,1.018343002,1.047261222,0.999026984,1.036526012,1.065392909,0.992724666,1.020347234,0.761523378,0.989901327
01-08-13,-0.003572693,-0.004730486,-0.005068036,-0.004559323,-0.026838226,-0.020197805,0.023602081,-0.013921643,-0.007117657,0.236962212,-0.012008518,0.011936703,0.988063297,,,,,,0.996433681,0.995280685,0.994944785,0.995451054,0.973518718,0.980004804,1.023882814,0.986174815,0.992907613,1.267393225,0.988063297
01-09-13,0.027394851,0.044522192,0.061023547,0.02891146,0.062236379,0.048963563,0.069739904,0.03922794,0.02078959,-0.024089413,-0.018328324,0.011798029,0.981838618,,,,,,1.027773541,1.045528179,1.062923942,1.029333454,1.064213873,1.050182085,1.072229262,1.040007516,1.021007199,0.976198421,0.981838618
01-10-13,-0.001879939,-0.020946181,-0.026750522,0.017142258,-0.007659923,0.001509392,-0.027505981,-0.05071235,-0.030885512,-0.540925896,-0.011713127,0.011644795,0.988355205,,,,,,0.998121826,0.979271666,0.973604104,1.01729003,0.99236934,1.001510532,0.972868864,0.950552058,0.969586572,0.582208938,0.988355205
01-11-13,0.007318018,0.009299742,0.001271408,-0.019397788,-0.013266636,-0.005320546,0.033294235,0.005494162,0.051708163,0.063401567,-0.009699552,0.009652663,0.990347337,,,,,,1.00734486,1.009343119,1.001272216,0.980789138,0.986820978,0.994693583,1.033854691,1.005509283,1.053068373,1.065454605,0.990347337
01-12-13,-0.015400558,-0.019872701,0.011542401,-0.013089825,-0.006377443,-0.007370591,0.022358691,0.00457843,-0.065910648,0.147440049,-0.008798293,0.008759702,0.991240298,,,,,,0.984717424,0.98032346,1.011609272,0.986995474,0.993642849,0.992656505,1.022610519,1.004588927,0.936214513,1.158863807,0.991240298
01-01-14,-0.013541856,-0.009667204,-0.007465613,-0.006267561,-0.009105755,-0.016590423,0.0003104,-0.002088989,0.043832133,-0.566650513,0.100408253,0.008719673,1.105622199,,,,,,0.986549422,0.990379373,0.992562185,0.993752039,0.990935577,0.98354644,1.000310448,0.997913191,1.044806951,0.567422835,1.105622199
01-02-14,0.001948387,0.024058488,0.038067119,0.017436942,0.023443386,0.030854449,0.028349973,0.043304664,-0.079327414,0.391960283,0.002822256,0.009214268,1.002826242,,,,,,1.001950286,1.024350228,1.038800954,1.017589853,1.023720343,1.031335381,1.028755658,1.044255994,0.923737431,1.479878934,1.002826242
01-03-14,0.005103285,0.023503007,0.000799845,0.020686514,0.03808061,-0.002289539,0.069850869,0.024099769,0.054280097,-0.072002638,0.048686872,0.008972893,1.049891549,,,,,,1.005116329,1.023781379,1.000800165,1.020901963,1.038814969,0.99771308,1.072348249,1.024392515,1.055780281,0.930528441,1.049891549
01-04-14,-0.008653776,-0.012899782,-0.022836492,-0.013999198,-0.025204357,-0.018498263,-0.019845878,-0.031032333,-0.072432857,0.610382597,-0.025348114,0.006649553,0.974970452,,,,,,0.99138356,0.987183063,0.977422287,0.986098335,0.975110621,0.981671779,0.980349756,0.969444228,0.930128196,1.841135677,0.974970452
01-05-14,-0.009331303,-0.000630034,0.002569053,-0.007213314,-0.008775849,-0.012714112,-0.001509122,-0.019699257,-0.035707072,-0.330839611,-0.002647162,0.007016695,0.997356339,,,,,,0.990712098,0.999370164,1.002572356,0.99281264,0.991262547,0.987366371,0.998492016,0.980493506,0.964922905,0.71832037,0.997356339
01-06-14,-0.000961497,-0.028341105,-0.028665579,-0.043258055,-0.046356255,0.020497853,0.01014463,-0.023756195,-0.032460871,0.730860287,-0.006331252,0.006311252,0.993688748,,,,,,0.999038965,0.972056736,0.971741381,0.957664228,0.954701784,1.020709377,1.010196261,0.976523762,0.968060328,2.07686654,0.993688748
01-07-14,-0.031995529,-0.014544511,-0.007493443,-0.031513405,-0.027555926,-0.032299711,-0.077629698,-0.033835728,-0.005117951,-0.377363328,-0.018528655,0.006393389,0.981641945,,,,,,0.968510913,0.98556075,0.992534563,0.968977968,0.972820275,0.968216354,0.925307006,0.966730298,0.994895124,0.685666907,0.981641945
01-08-14,0.034645103,0.024049448,0.020383268,0.025303249,0.018681473,0.024723838,0.00568108,0.012203738,0.003234356,-0.920259877,-0.014097415,0.006541597,0.986001488,,,,,,1.035252236,1.024340968,1.020592425,1.025626094,1.018857064,1.025032007,1.005697248,1.012278507,1.003239592,0.398415489,0.986001488
01-09-14,0.003713718,-0.016518917,-0.016373034,-0.020426756,-0.023357414,-0.01112355,-0.025536941,-0.064648593,-0.104122234,0.156745932,-0.009157279,0.00428402,0.990884521,,,,,,1.003720622,0.983616772,0.983760275,0.979780457,0.976913259,0.988938088,0.974786368,0.937396813,0.901115144,1.169698393,0.990884521
01-10-14,-0.040554355,-0.027181374,-0.018102637,-0.022568689,-0.025782579,-0.038357214,-0.021120182,-0.019897211,0.028813487,0.158516607,-0.002483463,0.002480381,0.997519619,,,,,,0.960256968,0.973184715,0.982060232,0.977684079,0.974546954,0.962369108,0.979101287,0.980299432,1.029232611,1.171771384,0.997519619
01-11-14,0.015228187,-0.012916936,0.000789138,0.021117344,0.017259767,0.027772632,-0.051917408,-0.041951731,0.011533539,0.251146608,0.0385311,0.001909436,1.03928305,,,,,,1.015344727,0.987166129,1.000789449,1.021341893,1.017409578,1.028161887,0.949407277,0.958916065,1.011600306,1.285498534,1.03928305
01-12-14,-0.048585466,-0.055351768,-0.078116028,-0.039709301,-0.087778057,-0.053010034,-0.052290726,-0.082783546,-0.062307651,0.177039676,-0.001950451,0.00194855,0.99805145,,,,,,0.952575923,0.946152263,0.924857111,0.96106878,0.915964146,0.948370496,0.949052912,0.920550382,0.939593776,1.193678452,0.99805145
01-01-15,-0.00662572,0.004344794,0.018883326,-0.005710693,-0.004219603,-0.004744072,0.019503587,0.007887764,0.017019625,-1.085981631,0.001919572,0.002398172,1.001921416,,,,,,0.993396182,1.004354246,1.019062743,0.994305582,0.995789287,0.995267163,1.019695024,1.007918955,1.017165284,0.337570254,1.001921416
01-02-15,0.045955246,0.04467805,0.055577122,0.052583413,0.045149208,0.063493415,0.059413206,0.062507072,0.05326102,0.553421127,-0.016850825,0.002312783,0.983290356,,,,,,1.047027551,1.045691145,1.057150543,1.053990475,1.046183947,1.065552469,1.06121365,1.064501987,1.054704908,1.739192851,0.983290356
01-03-15,0.019677591,0.055858477,0.047095977,0.061260836,0.027792261,0.0311622,0.069726761,0.038738965,-0.022539598,-0.40587896,-0.001936211,0.001934338,0.998065662,,,,,,1.019872471,1.05744802,1.04822261,1.063176193,1.028182069,1.031652825,1.07221517,1.039499103,0.977712521,0.666390822,0.998065662
01-04-15,0.012881135,-0.002458312,-0.006999322,0.001765263,0.005006179,0.008831029,0.015779049,-0.000497315,0.018537843,0.124995926,-0.00102576,0.001025234,0.998974766,,,,,,1.012964454,0.997544707,0.993025117,1.001766822,1.005018731,1.008870137,1.015904196,0.999502809,1.018710735,1.133143836,0.998974766
01-05-15,-0.002035966,0.004467111,-0.006802028,-0.01218439,0.004322319,-0.038528448,0.001039197,0.04621492,0.036229338,0.162876895,-0.00085985,0.000859481,0.999140519,,,,,,0.997966105,1.004477104,0.993221053,0.987889539,1.004331674,0.962204331,1.001039738,1.047299472,1.036893619,1.176891799,0.999140519
01-06-15,-0.016142522,-0.020050679,0.000253379,-0.022404719,-0.019711258,-0.017726494,-0.018486053,-0.042203995,-0.050274011,-0.761426844,-0.00080871,0.000808383,0.999191617,,,,,,0.983987071,0.980149,1.000253411,0.977844403,0.980481739,0.982429696,0.981683766,0.958674196,0.950968813,0.466999616,0.999191617
01-07-15,0.012891651,0.002898172,0.01716842,0.035369057,0.016066461,0.032281802,0.073483409,0.019798136,0.020155015,0.325990217,0.116236657,0.001068659,1.123261668,,,,,,1.012975106,1.002902376,1.017316645,1.036001982,1.016196221,1.032808512,1.07625068,1.019995419,1.020359498,1.385401815,1.123261668
01-08-15,-0.024886671,-0.025733725,-0.019752446,-0.019963726,-0.007375103,-0.0075483,0.042822386,-0.010230949,-0.006000363,0.576612324,-0.00108583,0.001085241,0.998914759,,,,,,0.975420449,0.974594565,0.980441356,0.980234229,0.992652026,0.992480117,1.043752493,0.98982121,0.994017604,1.779998148,0.998914759
01-09-15,-0.037193436,-0.024487152,-0.037534357,-0.035272744,-0.04819539,-0.028037588,-0.026291038,-0.0134004,-0.054699648,-0.556570826,-0.008405765,0.000912943,0.991629465,,,,,,0.963489744,0.975810226,0.963161326,0.965342089,0.952947572,0.972351818,0.974051562,0.986688985,0.94676947,0.573171202,0.991629465
01-10-15,0.015805194,0.006781508,0.006811812,-0.002271009,0.009334966,0.006224099,0.024300721,0.041860302,0.008853477,0.604447619,-0.058459097,0.000891862,0.94321682,,,,,,1.015930757,1.006804555,1.006835065,0.997731568,1.009378673,1.006243509,1.02459839,1.042748799,1.008892785,1.830240938,0.94321682
01-11-15,-0.000652822,-0.00678312,0.01618652,0.003104859,-0.036354643,0.028787553,-0.000382992,0.024676959,0.066138556,-0.160285158,-0.00086198,0.000861609,0.999138391,,,,,,0.999347391,0.993239834,1.016318232,1.003109685,0.964298251,1.029205919,0.999617081,1.024983955,1.068374737,0.851900828,0.999138391
01-12-15,-0.021591738,-0.032584661,-0.018411903,-0.035142567,-0.032327429,-0.015777638,-0.023890718,-0.060217324,-0.065098268,-0.144078503,-0.006907579,0.001170125,0.993116223,,,,,,0.978639695,0.967940499,0.98175656,0.965467763,0.968189517,0.984346177,0.976392406,0.941559888,0.936975384,0.865819776,0.993116223
01-01-16,-0.019961798,-0.040865932,-0.034866306,-0.01732347,-0.031396671,-0.023826116,0.002418892,-0.014341369,-0.04258563,0.053043693,-0.018695789,0.001490938,0.981477893,,,,,,0.98023612,0.959957821,0.965734521,0.982825718,0.969091087,0.976455485,1.00242182,0.985760978,0.958308402,1.054475717,0.981477893
01-02-16,0.003458222,0.006578164,0.013717423,0.025899543,-8.59E-05,0.017248421,0.002979248,-0.007933477,-0.001348602,-0.065139956,-0.033648522,0.001240031,0.966911293,,,,,,1.003464209,1.006599847,1.013811939,1.026237851,0.99991411,1.017398034,1.002983691,0.99209791,0.998652307,0.936936324,0.966911293
01-03-16,0.017777221,0.008146819,0.021917409,0.020809064,0.015123626,0.028420359,0.010741214,0.009464994,0.066602946,0.043714942,5.59E-06,0.000846422,1.000005593,,,,,,1.017936176,1.008180094,1.02215936,1.021027082,1.015238566,1.028828071,1.010799108,1.009509928,1.068870995,1.044684516,1.000005593
01-04-16,0.004353013,0.015464642,0.018859753,0.027864143,0.010381134,0.013856105,0.010076075,0.016838842,0.011364281,-0.218032464,-0.030462553,0.001071106,0.969996755,,,,,,1.004362502,1.015584839,1.019038721,1.028255979,1.010435204,1.013952546,1.010127009,1.016981414,1.011429099,0.804099337,0.969996755
01-05-16,0.008396254,0.01583064,0.006955096,-0.000343569,0.048484613,0.012605826,-0.004635943,0.000348943,-0.04789179,-0.518869822,0.021096842,0.001186516,1.021320954,,,,,,1.008431601,1.015956608,1.006979339,0.99965649,1.04967922,1.012685614,0.995374787,1.000349004,0.953236931,0.595192842,1.021320954
01-06-16,-0.012566352,-0.014873093,-0.023466593,-0.007162199,-0.009393517,-0.01359503,-0.027029451,-0.02612413,-0.051645786,0.131405117,-0.03207504,0.001129941,0.968433908,,,,,,0.987512275,0.985236965,0.976806606,0.992863388,0.990650464,0.986496965,0.973332576,0.974214153,0.949665192,1.140429695,0.968433908
01-07-16,0.025681322,0.039597238,0.0519655,0.06890076,0.052157172,0.088093585,0.05904595,0.070541538,0.074234858,-0.047545875,-0.005146507,0.000963426,0.994866713,,,,,,1.026013929,1.040391659,1.053339402,1.071329885,1.053541316,1.09209032,1.060823984,1.073089142,1.077059731,0.953566728,0.994866713
01-08-16,0.019386435,0.02149116,0.021488895,0.0330878,0.06698768,0.046401313,-0.002694766,0.074502522,0.027730945,0.535129752,-0.00101711,0.001016593,0.998983407,,,,,,1.019575572,1.021723758,1.021721444,1.033641289,1.069282304,1.047494699,0.997308861,1.07734806,1.028119027,1.707669802,0.998983407
01-09-16,-0.003532204,0.009146815,0.001223379,5.22E-07,-0.017118065,-0.007596585,0.017223174,-0.00412587,-0.008757211,-0.047519633,-0.00124409,0.001243317,0.998756683,,,,,,0.996474027,1.009188775,1.001224127,1.000000522,0.983027616,0.992432196,1.017372348,0.99588263,0.991281022,0.953591751,0.998756683
01-10-16,-0.005777011,-0.011944063,-0.000317204,0.005315541,-0.003029175,-0.022443606,-0.032869376,-0.019085141,-0.003334325,-0.742905748,0.031768361,0.001167258,1.032278361,,,,,,0.994239644,0.988126985,0.999682846,1.005329694,0.996975408,0.977806378,0.967664952,0.981095827,0.996671228,0.475729555,1.032278361
01-11-16,0.008321644,0.020563693,-0.010333487,0.01974512,0.014572469,0.040694889,0.021364762,0.03705482,-0.018898671,0.092334858,-0.017051323,0.001180403,0.983093228,,,,,,1.008356365,1.020776583,0.98971972,1.019941344,1.014679165,1.041534274,1.021594622,1.037749908,0.981278789,1.09673201,0.983093228
01-12-16,0.022589479,0.00399642,-0.008217038,-0.002629175,-0.007626522,-0.002786613,0.011346362,-0.011712268,-0.028097228,0.470734113,-0.020270455,0.001329706,0.979933609,,,,,,1.022846553,1.004004417,0.99181663,0.997374279,0.992402486,0.997217266,1.011410976,0.988356054,0.972293828,1.601169201,0.979933609
01-01-17,0.021944428,0.047556482,0.046938482,0.029830878,0.030621006,0.015140909,0.050178784,0.064701755,0.060854985,-0.61485141,-0.00134909,0.001348181,0.998651819,,,,,,1.022186978,1.048705432,1.048057532,1.030280276,1.031094651,1.015256113,1.051459064,1.066840797,1.062744789,0.540721235,0.998651819
01-02-17,0.048592373,0.019701558,0.025425264,0.004312329,0.038642287,0.004874201,0.00736068,0.011762498,0.032414767,-0.063067075,0.027649709,0.001530488,1.02803551,,,,,,1.049792339,1.019896915,1.025751243,1.00432164,1.039398611,1.004886099,1.007387836,1.011831948,1.032945848,0.938880496,1.02803551
01-03-17,-0.015508327,-0.013054256,-0.031896476,0.022785948,-0.010298151,-0.008432163,0.010445233,0.011311288,0.025518499,0.521847586,-0.001453091,0.001452035,0.998547965,,,,,,0.984611308,0.987030582,0.968606851,1.023047531,0.989754693,0.991603288,1.010499975,1.011375502,1.025846883,1.685138213,0.998547965
01-04-17,0.020838996,0.012893142,0.033438428,0.048482237,0.039171619,0.000612208,0.067039898,0.045516569,-0.024413236,-0.148780569,0.003498094,0.001212575,1.00350422,,,,,,1.021057644,1.012976617,1.034003776,1.049676727,1.039948943,1.000612396,1.069338142,1.046568346,0.975882356,0.86175819,1.00350422
01-05-17,0.013300214,0.010336211,0.038151158,0.015123869,0.009442995,0.013117022,0.016388394,0.056541967,0.059289232,-0.147191856,-0.007025971,0.000941696,0.992998654,,,,,,1.013389055,1.010389814,1.038888257,1.015238814,1.009487721,1.013203427,1.016523421,1.058171022,1.061082095,0.863128365,0.992998654
01-06-17,-0.016121093,-0.013197243,-0.047394024,-0.0352819,-0.047530012,-0.044823031,-0.064869915,-0.052884212,-0.010469842,0.33809929,-0.00083569,0.000835341,0.999164659,,,,,,0.984008156,0.986889459,0.953711538,0.96533325,0.953581854,0.956166678,0.937189369,0.94848983,0.989584776,1.402279728,0.999164659
01-07-17,0.018542527,-0.015152983,-0.011364901,-0.017329328,0.001919702,-0.004101306,-0.014792838,0.002757444,-0.010678394,0.060875161,0.032206555,0.001026703,1.032730799,,,,,,1.018715507,0.984961246,0.988699436,0.982819961,1.001921546,0.995907092,0.985316039,1.00276125,0.989378418,1.062766231,1.032730799
01-08-17,-0.021710477,-0.013430989,-0.009289194,-0.04915632,-0.003794192,-0.079628812,-0.073079721,-0.058992599,-0.114476849,-0.103906959,0.028312372,0.001123798,1.028716977,,,,,,0.978523499,0.986658804,0.990753817,0.952032296,0.996212997,0.92345906,0.929526725,0.942713746,0.891832585,0.901309152,1.028716977
01-09-17,0.006701293,0.024643107,-0.00445749,0.012142149,0.02380116,0.049142785,0.019443821,0.027237963,0.033570159,-0.017025774,-0.00100598,0.001005474,0.998994526,,,,,,1.006723797,1.024949258,0.99555243,1.012216164,1.024086668,1.050370318,1.019634083,1.027612308,1.034139996,0.983118346,0.998994526
01-10-17,0.000347831,0.007931654,0.002587112,0.004619081,0.010438106,0.015267373,-0.032641608,-0.021596596,-0.013458066,0.14443842,-0.00099009,0.0009896,0.9990104,,,,,,1.000347891,1.007963193,1.002590462,1.004629765,1.010492774,1.015384514,0.96788538,0.978634941,0.986632089,1.155390544,0.9990104
01-11-17,0.008906533,0.002686848,0.016357358,0.029166186,0.014486706,-0.008512775,0.005038385,0.013774878,-0.010082512,0.061454074,-0.05887846,0.001012277,0.942821352,,,,,,1.008946314,1.002690461,1.016491872,1.029595685,1.014592147,0.991523356,1.005051099,1.013870189,0.989968146,1.063381659,0.942821352
01-12-17,0.023030389,0.018228195,0.017397652,0.010150648,-0.027831455,0.020107901,-0.001111981,-0.016737869,0.006384001,0.03711018,0.030884991,0.001043965,1.031366881,,,,,,1.023297636,1.018395342,1.017549873,1.010202341,0.972552272,1.020311427,0.998888637,0.983401431,1.006404422,1.03780736,1.031366881
01-01-18,-0.010874591,-0.006864795,-0.03235442,-0.014796582,0.014141777,-0.000687175,0.005298989,-0.03474484,-0.025698815,0.183033319,-0.01351299,0.001075192,0.986577901,,,,,,0.989184323,0.993158714,0.968163385,0.98531235,1.014242245,0.999313061,1.005313053,0.965851831,0.974628589,1.200854419,0.986577901
01-02-18,-0.021765269,-0.030222232,-0.017962578,-0.041244159,-0.026165775,-0.017798065,-0.010865411,0.009927981,0.003932907,-0.059978903,0.125812417,0.001135555,1.134069416,,,,,,0.978469885,0.970229894,0.982197787,0.959594808,0.974173582,0.982359385,0.989193404,1.009977427,1.003940651,0.941784402,1.134069416
01-03-18,-0.017266133,-0.023159624,-0.015866603,-0.027510716,-0.012773207,-0.047280536,-0.039262698,-0.042946861,-0.019425665,0.130776599,-0.057786284,0.001209528,0.943851642,,,,,,0.982882073,0.977106501,0.984258609,0.972864257,0.987308024,0.95381978,0.961498092,0.957962294,0.980761797,1.13971314,0.943851642
01-04-18,-0.013749889,-0.028485308,-0.034818267,-0.031216285,-0.00574433,-0.045921639,-0.033939571,-0.043790894,-0.054725743,0.051897996,-0.040397048,0.001218477,0.960408036,,,,,,0.986344209,0.971916574,0.965780915,0.969265912,0.994272137,0.955116803,0.966629916,0.957154083,0.946744764,1.0532683,0.960408036
01-05-18,0.016438051,-0.003140952,0.025381963,-0.00430884,3.13E-05,-0.001590523,0.008279032,0.003641103,0.001353133,0.094396102,-0.017335124,0.00126438,0.982814265,,,,,,1.016573899,0.996863976,1.025706828,0.99570043,1.000031293,0.998410741,1.008313398,1.00364774,1.001354049,1.098994974,0.982814265
01-06-18,-0.009868318,-0.002667754,-0.018165999,-0.003710881,-0.009741959,-0.014482101,-0.02751476,-0.060884842,-0.012520319,0.132634518,-0.00134858,0.001347671,0.998652329,,,,,,0.990180214,0.997335802,0.981998008,0.996295996,0.99030534,0.98562226,0.972860323,0.94093159,0.987557735,1.141832603,0.998652329
01-07-18,-0.01098138,-0.014862039,-0.024195457,-0.021395996,0.003620841,-0.044734168,-0.023393233,-0.020504968,-0.002599461,-0.099497138,0.049010626,0.001182431,1.05023151,,,,,,0.989078695,0.985247856,0.976094907,0.978831274,1.003627404,0.956251651,0.976878267,0.979703829,0.997403914,0.905292541,1.05023151
01-08-18,0.031046723,0.049965498,0.06316637,0.072628885,0.049703956,0.057701515,0.049272392,0.074001226,0.025402373,0.178134271,-0.00113956,0.001138911,0.998861089,,,,,,1.031533699,1.051234827,1.065204043,1.075331391,1.05095992,1.059398734,1.050506462,1.076808126,1.025727762,1.194985762,0.998861089
01-09-18,-0.010422995,0.007081726,-0.014751282,-0.017775914,0.003386974,-0.035404822,0.024206314,-0.029630235,0.013089243,0.067416682,0.048677613,0.001344296,1.049881828,,,,,,0.989631136,1.00710686,0.985356985,0.982381146,1.003392717,0.965214597,1.024501665,0.970804437,1.013175282,1.069741127,1.049881828
01-10-18,-0.013959687,-0.036168376,-0.018555481,-0.002141721,-0.036223568,-0.038648876,0.012609504,-0.071627631,-0.040519979,-0.169133138,0.023793601,0.001554751,1.024078928,,,,,,0.986137298,0.964477885,0.981615612,0.997860571,0.964424655,0.962088462,1.012689339,0.930877461,0.960289979,0.844396475,1.024078928
01-11-18,-0.011731399,-0.007071615,-0.001154041,-0.0014566,-0.011935344,-0.00826367,-0.033831535,-0.012450427,0.02319087,-0.052307178,-0.019837418,0.001673908,0.980358049,,,,,,0.988337146,0.99295333,0.998846625,0.99854446,0.988135599,0.991770381,0.966734351,0.987626759,1.023461869,0.949037298,0.980358049
01-12-18,-0.076580812,-0.092124957,-0.061793729,-0.081763182,-0.127997689,-0.056462873,-0.124019726,-0.125375957,-0.091131634,-0.117247616,-0.066734733,0.001799829,0.935443311,,,,,,0.926278057,0.911991183,0.940076777,0.921490158,0.879855413,0.945101573,0.883362416,0.882165184,0.912897534,0.889364945,0.935443311
01-01-19,0.056694244,0.063810696,0.055936818,0.069091927,0.061538371,0.091601056,0.069733739,0.114548117,0.100643091,0.194978396,0.013042617,0.003087818,1.013128043,,,,,,1.058332169,1.065890603,1.057530865,1.071534707,1.063471302,1.095927521,1.072222652,1.121366597,1.105881872,1.215284731,1.013128043
01-02-19,0.023660356,0.022857517,0.001208155,0.011602969,0.028007154,0.013147057,0.007196802,-0.021503305,-0.021722614,0.023965676,0.044490463,0.002757774,1.045495006,,,,,,1.023942482,1.023120752,1.001208885,1.011670544,1.028403042,1.01323386,1.007222761,0.978726243,0.978511623,1.024255161,1.045495006
01-03-19,0.004294723,0.013491237,0.016074965,0.029725057,0.010577591,0.001071545,0.009477433,0.026261867,-0.042508624,-0.000251712,-0.006650151,0.002525478,0.993371912,,,,,,1.004303959,1.013582654,1.016204862,1.030171257,1.010633731,1.001072119,1.009522486,1.026609748,0.9583822,0.99974832,0.993371912
01-04-19,0.007930637,-0.012176705,0.012597351,0.022718559,0.007972552,0.016896031,0.008346713,-0.031617452,-0.004495375,-0.116146495,-0.02475214,0.002599399,0.975551682,,,,,,1.007962167,0.987897131,1.012677031,1.022978591,1.008004418,1.017039577,1.008381644,0.968877153,0.995514714,0.890344783,0.975551682
01-05-19,0.011768026,0.021438449,0.021174666,0.008727196,-0.015859702,-0.019565139,-0.021580271,-0.028828134,-0.057579571,-0.378334071,-0.002982584,0.002978141,0.997021859,,,,,,1.011837542,1.021669903,1.02140044,1.008765389,0.984265401,0.980625017,0.978650917,0.971583433,0.944046768,0.685001623,0.997021859
01-06-19,0.017555013,0.01285959,0.016712644,0.008032167,0.009074334,0.035250231,0.014622118,-0.001828775,0.005918484,-0.035383434,0.014870358,0.003066424,1.014981471,,,,,,1.017710008,1.012942631,1.016853082,1.008064511,1.009115631,1.035878885,1.014729544,0.998172896,1.005936033,0.965235241,1.014981471
01-07-19,-0.001611893,-0.01725013,-0.002435852,0.010382771,-0.02075046,-0.023192364,0.015248582,-0.009026888,-0.011036569,-0.136764601,-0.002783484,0.002779613,0.997220387,,,,,,0.998389405,0.982897802,0.997567112,1.010436859,0.979463349,0.977074511,1.015365435,0.991013732,0.989024111,0.872175511,0.997220387
01-08-19,-0.005327128,0.013411597,-0.004277328,2.87E-05,-0.00563264,0.035772878,-0.011043088,-0.031916654,-0.057124311,-0.195124157,0.027062427,0.002713525,1.02743194,,,,,,0.994687036,1.013501935,0.995731806,1.000028677,0.994383194,1.036420426,0.989017663,0.968587307,0.944476653,0.822732504,1.02743194
01-09-19,0.005721783,0.013551967,0.006502955,0.001168449,0.00670445,-0.010250857,0.008952506,0.024079088,-0.006008146,-0.080115756,-0.00209961,0.002198222,0.997902593,,,,,,1.005738184,1.013644211,1.006524145,1.001169131,1.006726975,0.989801504,1.008992699,1.02437133,0.994009867,0.923009496,0.997902593
01-10-19,0.021689346,0.017903747,0.02388636,0.045663353,0.044337435,0.014846559,0.018232434,0.043579492,0.051079772,-0.008902959,-0.001651291,0.001649928,0.998350072,,,,,,1.02192627,1.01806498,1.024173924,1.046721976,1.045335028,1.014957317,1.01839966,1.044543023,1.052406842,0.991136555,0.998350072
01-11-19,-0.001897465,0.024189577,0.015944566,0.007795091,0.011599059,0.03577656,0.037477641,-0.016238161,-0.037285071,0.013665334,-0.046326501,0.00178249,0.954730191,,,,,,0.998104334,1.024484518,1.016072359,1.007825552,1.011666589,1.036424242,1.038188784,0.983892968,0.963401459,1.013759132,0.954730191
01-12-19,0.003343576,0.017201944,0.008407751,0.001614364,0.020717839,0.057801311,0.033625427,0.017121604,0.028912351,-0.081742551,-0.00123717,0.001236405,0.998763595,,,,,,1.003349172,1.017350749,1.008443195,1.001615667,1.020933943,1.059504463,1.034197152,1.017269018,1.029334371,0.92150917,0.998763595
,D1,D2,D3,D4,D5,D6,D7,D8,D9,D10,TA125,Risk Free,,,,,,,,,,,,,,,,,
total,,,,,,,,,,,,,,,,,,,,,,,,,,,,,
log return,-4.397733238,-3.833383823,-3.916331111,-3.459667436,-3.774635775,-4.111682931,-3.373242649,-4.088679554,-5.022713026,-3.608207491,-3.241952136,4.629232238,,,,,,,0.021328922,0.025340783,0.027633499,0.029975222,0.031525288,0.032644218,0.036605749,0.039779202,0.042226244,0.354835129,0.036403066
real return,0.012305201,0.021636278,0.019914023,0.031440216,0.022945446,0.016380185,0.034278304,0.016761351,0.006586633,0.027100381,0.039087516,102.4353879,,,,,,,,,,,,,,,,,
,,,,,,,,,,,,,,,,,,,,,,,,,,,,,
from 2013,,,,,,,,,,,,,,,,,,,,,,,,,,,,,
log retutn,0.033800395,0.093524798,0.181941174,0.287714585,-0.010619608,0.170575097,0.338138212,-0.176391737,-0.685790896,-1.710635223,-0.038477182,0.324742762,,,,,,,,,,,,,,,,,
real return,1.03437812,1.098037832,1.199543627,1.333376684,0.989436581,1.185986712,1.402334309,0.83828953,0.503691704,0.180750939,0.962253661,1.383674667,,,,,,,,,,,,,,,,,
