Date,D0,D1,D2,D3,D4,D5,D6,D7,D8,D9
2002_3,,,,,,,,,,
2002_4,,,,,,,,,,
2002_5,,,,,,,,,,
2002_6,,,,,,,,,,
2002_7,,,,,,,,,,
2002_8,,,,,,,,,,
2002_9,,,,,,,,,,
2002_10,,,,,,,,,,
2002_11,,,,,,,,,,
2002_12,,,,,,,,,,
2003_1,,,,,,,,,,
2003_2,-0.04002763536640376,0.011470783792738998,-0.008036921525601537,0.01427517542745076,0.001307564189113125,-0.026571015991142605,-0.036073122603768076,-0.011212229218162766,0.0020729618853469745,-0.020763455586722667
2003_3,0.020139638446702746,0.07922717298505312,0.08435489808399223,0.05075077500142666,0.022418295424392876,-0.002140827550792457,0.05467376996365993,0.06891046629867506,0.13951427995753693,0.00953130686455329
2003_4,0.018127811225761237,0.042280193418778554,0.10101075794692049,0.07387665246465061,0.06144123181073672,0.14285647302415483,0.1083847144187267,0.12226992105625589,0.12030701449216301,0.05482489504760941
2003_5,-0.004062279297818333,0.03601060070549218,0.09000661824316046,0.10089866504797806,0.1500538056727448,0.1273112023627903,0.15526472664813518,0.18062409785563402,0.05840650172184557,0.01921542727445344
2003_6,0.008373943093688463,0.0696347049854401,0.09170079115153157,0.10353321141338423,0.07720694073304338,0.06797623121818619,0.10217960837200654,0.10669538261389264,0.04736374063084512,0.034474256014198165
2003_7,-0.045864689667028925,-0.03996946191793223,-0.06638062138762904,-0.04019195831739675,-0.016362650104698617,-0.06580452190628294,-0.010465703287773066,-0.030606143481719267,-0.09415060896136122,-0.07676171187448504
2003_8,-0.054816077435376684,-0.05879104716060799,-0.013684611833610716,0.001765544578573136,-0.009362582260881385,-0.026879364874310606,0.025510717866649584,0.011962609301189624,0.012597113157849327,0.008086440329005101
2003_9,0.029616817987461196,-0.0020442031567085408,0.030809087671500302,0.014266372799018906,-0.021037182695910667,0.009378280064262218,0.00030196936900990236,0.04061827542064177,0.03269230061937023,-0.02270334459125936
2003_10,-0.0024131986655811176,0.15609700809323995,0.07444504701884454,0.0376764906900608,0.09937883569335285,0.07335979421616498,0.06943526192149156,0.09339348923704696,0.08021282908603229,0.12390489152378258
2003_11,0.13361060054117319,0.03075185958221941,0.06921072181969509,0.059974975056727,0.08219815198549979,0.0691712801596365,0.09111305357333639,0.02332774571743452,0.03326724514533609,0.10142386939493843
2003_12,-0.02435166678266787,0.03073660075283959,0.019785038980838342,0.05842154988314555,-0.0035107723171115546,-0.004942234705711246,0.03828683053137682,0.08116738794211484,0.046470629858593515,0.0333421536559651
2004_1,0.0007500212481258151,0.13154174038344718,0.11916637375423347,0.07140475370114283,0.11636620786903125,0.15333955148108888,0.22963343550523624,0.11845877790374734,0.12431447157418293,0.07446987096801229
2004_2,0.11466626913510954,0.08110202635455803,0.08372146630617658,0.0669677070632074,0.0581057404823199,-0.010679671909036209,-0.0450972288031829,0.2066078258172884,0.009678245254350825,-0.06374483484619864
2004_3,0.03697912009768429,0.04805214440873557,0.14068004813997587,0.06210909302762937,-0.004218398731357359,0.007557350664511087,0.07865853534518635,-0.016449210665770864,-0.03131438334826051,0.06055896207680977
2004_4,0.07732200327879638,0.0859506909174751,0.09578293897383261,0.05690532370434472,0.10825008506479343,0.05582886311190367,0.06900455890714827,0.037246611840919264,0.05152323427760254,0.039307713485042015
2004_5,-0.031239054580845655,-0.00034406242172839164,-0.026359979700508435,0.0040357091852451675,-0.0284686188513393,-0.04913606232605255,-0.0368707211273618,-0.037910412655726866,-0.02901086741909683,-0.01998707670784125
2004_6,0.008270777727826356,0.01172599703896759,0.044754274627641796,0.04402838961393304,0.04453293459421314,0.03615001828988092,0.049537773039855654,0.02316363717508068,-0.001282111389688667,0.05947911883621573
2004_7,-0.023991622758020782,-0.041675667317294954,-0.018650944825033943,-0.010212248992960549,0.008865732236521739,-0.06541511402197653,-0.021019590723444264,-0.05987165166453965,-0.0706560458834626,-0.05220280515779239
2004_8,-0.055724352924000374,-0.04721423440086038,-0.04158856142403066,-0.02239325424226844,-0.037319322577671496,-0.04591199165632755,-0.06084311938382492,-0.03370015805708584,-0.010150020759539613,-0.060960196170331535
2004_9,0.0032619470107987714,0.002868946180085502,-0.013530942402560803,0.024988206682193537,-0.026216433315763704,0.0014247729875241032,0.004636911195122023,-0.02436267192482216,0.022376568770378007,-0.005240755071978119
2004_10,-0.03860998357073542,-0.017160595070872576,-0.0377304722716895,-0.01097075482052357,-0.016556661065792906,-0.024296080362857568,-0.03283790693261353,-0.029961273639829027,-0.0016131480792315911,-0.03562126497591864
2004_11,0.07534190130733534,0.03526303700439008,0.05801317982556754,0.09698459340246522,0.03194298647996442,-0.025969292173742685,0.06692332549473598,0.06409782813223411,0.05509586860124345,0.010221877598011532
2004_12,0.03027045793517676,0.010651767217777598,-0.0195433211700424,0.02472773882081153,0.02416221075008687,0.051999990444400054,0.013583279478034078,0.05761528091742722,0.020282202056487703,0.8281720716456862
2005_1,0.14587845334122887,0.4305884682726922,0.14642129194973036,0.16030409441617693,0.28012706265471,0.16092335229532764,0.18612139527498206,0.14545778432821047,0.11806524925733335,0.10542824116344326
2005_2,-0.02507897798719466,0.0772049914812951,0.07165695180980255,0.049201225737285546,0.0033174670683592533,0.08525019642371343,0.007179667576440174,0.0556316150619376,0.05284949829655792,0.018893292740388683
2005_3,0.08952824839262263,0.07956291826272355,0.024378610677552676,0.07787499538502508,0.08289875189331505,-0.019779163738135243,0.04534555550328258,-0.05905845800147228,-0.06937389038669535,0.02421682410410233
2005_4,0.06535043869667462,-0.028231937118807338,0.012410397365040127,-0.0017344249269695522,0.04383253356226637,0.09227279113695627,0.03221941586486633,0.005994954259459356,0.030240193252615993,-0.005969674702818769
2005_5,-0.044207590982647295,-0.00374127992563344,-0.0052215971059246455,-0.09211445458439813,-0.016205797710586632,-0.02845301243256834,-0.033808716356954295,-0.015058392334389511,-0.0406137618457652,0.06408523742332776
2005_6,-0.06107874967350894,-0.09513784819635836,-0.10028996268999493,-0.07527389647003553,-0.10242895847644479,-0.0855306827760825,-0.053920965972510955,-0.07506332538011119,-0.10616860601182225,-0.082801712090398
2005_7,0.09997744787403909,0.056478288672694096,0.06664984437743353,0.03998358740023593,0.039162849950355426,0.060069646731647254,0.11339309109133167,0.08305526830412939,0.09508068915102204,0.06011423264418134
2005_8,0.10795997993057468,0.0918916590466026,0.012937023882651584,0.02636187435969518,-0.018686771033500887,0.0047023051999019756,-0.006148756425104908,-0.011456811173238142,1.093829085834399,0.017009085467185936
2005_9,0.07592812515102446,0.008971604367046486,0.0959185569860593,-0.017882154485463445,0.07128053350150404,-0.0149713971948303,-0.012788439540028455,0.008953570461955425,0.015160594585242734,0.07619313872903129
2005_10,0.022458846013353177,0.01458421957751998,0.019206071390293195,-0.0032269444570305443,-0.00716207800781559,-0.0009977910695343536,0.02299725694191603,0.027792254622309102,0.029784421861600092,0.006413457690597032
2005_11,0.03719687677750984,4.720760937455667,0.021785728849884327,0.04053880195849508,0.037989256418375986,-0.004159773020296871,0.0036809364817829574,0.018685553712849322,-0.02261709738309902,0.02301768025540634
2005_12,-0.049256449189924376,-0.005046094079209143,-0.053803620038814,-0.005054316798831779,0.03729538166291775,0.06617165237787502,0.028741998358458185,0.008651464651704743,-0.02668783086186944,-0.009681686108118336
2006_1,0.3855740086572182,0.06475021879964082,0.1298402522890874,0.11118460085813485,0.09290215600500393,0.12099881151579132,0.17394260575333864,0.03281393433538687,0.15022018244880775,0.19438576174016214
2006_2,0.04972141924647377,0.013538129812852961,-0.0023190124823146076,-0.0017137335226995718,-0.02713109740144438,-0.014629577199169283,-0.02233283990319867,0.01760404244393645,0.02132998489935879,-0.00034256152408082156
2006_3,0.05077548395988971,-0.03288628889442817,0.04975782254791965,0.0018605452351374311,0.010675792452897903,0.021028016749239688,0.04106796801434761,0.022846002653601205,0.01957947944632693,0.00635886018019786
2006_4,0.043783012517355495,0.12036155433667917,0.04122202350957924,0.06831308784042235,0.054380352311665735,0.07847157299780051,0.08600242981510417,0.04850197629254966,0.13916735197374905,0.10777879546560021
2006_5,-0.02164838016345595,0.0170690105424011,0.04060720236616945,-0.004995999056349948,-0.01296146614808047,0.027670252305440502,0.00578574557930753,-0.01582877163865314,0.034931279649343665,0.012377968284906567
2006_6,-0.047985176774574104,-0.055389132698124406,-0.05633421299490895,-0.04470601517528117,-0.04739292690597063,-0.07662644851318338,-0.07052714403705412,-0.06783498871258596,-0.047034036581161516,-0.05411215501134963
2006_7,0.023384211029609355,0.0036143619028579706,-0.009936013791034714,0.012874315396381538,0.015853944921418683,0.046481579667082,0.019286042108994306,0.013291900081746607,0.02709198670763254,0.05066711001947622
2006_8,-0.040383557770358805,-0.030476541517850564,-0.012926047595317675,-0.005503832341803289,0.0008818071536747366,-0.022132184906512295,0.015273811060895719,-0.021746038142140902,-0.019739289396711244,-2.5099059202806887e-05
2006_9,0.009021532941552269,0.0022950007420342085,0.003585054560224722,0.029608253718921243,0.025065357726218897,0.037618585736587475,0.03162108462646589,0.014657828896397168,0.01669687166242378,-0.04121603119175981
2006_10,0.05945711633048134,0.08420606534989508,0.10956473551448008,0.10899724141919022,0.0954571096766351,0.03139306406472669,0.07242857834512621,0.043455092538742274,0.1433839434732083,0.10622209621462349
2006_11,0.08636959681311153,0.07168296213774404,0.05651472014642155,0.04001848855457512,0.05863569568343299,0.05951942802403798,0.05228957389776383,0.0768405608974142,0.136506876052464,0.12124105403438686
2006_12,-0.011145235554649259,0.027718349913179195,0.02225199097599644,0.020776845839255334,0.02903388548080884,0.024544646467070736,0.003881368261418779,-0.050948841752522844,0.009065103112623941,0.05326676771173431
2007_1,0.05921889648483088,0.10025643868314708,0.06437021960934527,0.0580538072451,0.024444034746877043,0.028850323633037033,0.055338004685695934,0.07629312749575168,0.06502510879233551,0.00912971176905488
2007_2,0.06682218784022094,0.042243736281175594,0.026356886893714775,0.01103022525145424,0.04756490889021204,0.06994810375773927,-0.010834039249324728,0.01781875186916544,0.06384862981792766,0.015405364727004284
2007_3,0.01356630174487962,0.019475227734520623,0.045362166408039306,0.013934194326143054,0.021959147263072635,0.007658609645438528,0.02700518455374279,0.06903222917287978,0.036641140415941034,0.019084100047331676
2007_4,0.0977661752898389,0.08661399588650702,0.0665890792651268,0.10637592111558998,0.06933628963920176,0.06086913049603515,0.0570366941781428,0.08055757910066785,0.09300429188844407,0.0966095734204908
2007_5,0.003650642247244304,0.003733932199587902,0.010454376059688067,0.03739019215669811,0.027167351441064327,0.008564173192073815,0.0036891119994753863,0.0020457244671132357,0.009133725453465247,0.04833968868491008
2007_6,-0.0116657175819185,-0.004937687498837324,-0.0132356193325013,-0.001989164201801679,-0.02104747688120025,0.027513231183531908,-0.027537620395897633,-0.04004273623160089,-0.005612168356348396,-0.009388556264570637
2007_7,-0.014665010545803062,-0.0125170150801341,-0.05593541934878518,-0.014146700150286151,-0.024876753010566324,-0.06180207599481393,-0.01482894999909382,0.008821699707702376,-0.07197358248220621,-0.031397224122413823
2007_8,-0.06037603813772918,-0.0658038912316934,-0.03214957070951061,-0.05677368353607338,-0.06535982202525753,-0.04760550678175997,-0.06692107963417664,-0.04519982172332255,-0.033802826694465604,-0.0767170527996327
2007_9,0.023633717972190063,-0.009325729543962633,-0.014698401146758671,-0.014075748361557219,0.030782724546751482,0.03172544937032477,0.06771451283768033,0.041544327915512096,0.022313955040743898,-0.0012597312144737125
2007_10,0.006457985019321608,0.006837132688775429,-0.0033247447728678827,0.027822465937364437,0.02323581797468022,0.018942433131952093,0.016997066903066287,0.023793756070833765,0.02714499375639878,0.045445767079974594
2007_11,-0.023950379254579032,-0.06589915643085524,-0.04224105938791217,-0.055177713198670146,-0.03509206155379946,-0.09367333170010085,-0.07997224516390312,-0.07217681240658572,-0.04966400203247529,-0.0685329782847621
2007_12,-0.03150088684199027,-0.051865914699582925,0.044460323345941875,-0.09857210465891092,-0.023793637327231058,-0.0489697551509568,-0.05666296269426591,-0.011232200847609342,-0.017338684414437592,-0.009407487688955659
2008_1,-0.07609678637264575,-0.12915650153582978,-0.09862011027589183,-0.09709212272407107,-0.07055995052194652,-0.08237479715735625,-0.15178080137649128,-0.09110969739462028,-0.148746021482721,-0.14848969649628632
2008_2,-0.014788686284448458,0.008567646661578823,0.04582847904330581,-0.03041242496053058,0.008001826386921795,0.04922608294523794,0.014212479872669609,0.037997529109643956,0.011159833270733825,0.023201344721232153
2008_3,-0.06824671581665216,-0.08989337495587289,-0.0736791338830377,-0.1109221258940191,-0.04496674515482106,-0.07250142859420038,-0.044365097399875604,-0.056054866324537475,-0.08985790021441863,-0.06941318928478354
2008_4,-0.005018604209514281,-0.027919719960010796,-0.02963472451815666,-0.03827355643590221,-0.013644060113644847,-0.014294672353823935,-0.01778030770283908,-0.044563617319323096,-0.02297533567278226,-0.07158089824876673
2008_5,0.009151853441416558,-0.02700197895171995,-0.0049984188584216716,-0.020122987541113444,0.010980915095272107,0.008197261639027415,0.003243865704829323,-0.025444155931978886,0.006882949356773236,0.001455610378746868
2008_6,-0.10541464609557026,-0.05819534125268645,-0.103265928178071,-0.0658333220074561,-0.0887508369703353,-0.06647516683588843,-0.1158059039695775,-0.09823559626049985,-0.1540606504141167,-0.11421406729284395
2008_7,-0.012435777894154657,-0.004348249263053042,0.038740310700459475,0.05304522647769627,0.0514942234960445,-0.008276485599787152,0.026537519590075546,0.040698738175948455,0.029965545492306143,0.0036807382601324705
2008_8,-0.04817323043372061,-0.08847722200955639,-0.01282469178004561,0.010806418113175635,0.0025564777386486636,-0.001436175950323078,-0.008740996107260233,-0.027035852452711284,0.0010310830125367138,-0.04996253606900892
2008_9,-0.03818441013059829,-0.07482041731528923,-0.16807228597276205,-0.11453321664919591,-0.0919334116568139,-0.13986288167213431,-0.12054063366050526,-0.11920819597953576,-0.14552357790904777,-0.1927903758492739
2008_10,-0.0831252214093068,-0.1260778639104396,-0.1916351469438156,-0.12473359938267847,-0.18869364344987058,-0.18039530404321447,-0.1741046711303577,-0.20351981052590334,-0.2104959701736774,-0.17790703434660224
2008_11,-0.11654989732872865,-0.07468683468313075,-0.15976099215961345,-0.18171295833882845,-0.14020568566913072,-0.13545960200219329,-0.14887220837865422,-0.14565306392770597,-0.164223136584729,-0.2259651797985197
2008_12,-0.05855957008350461,-0.14860516811493138,-0.09061732726463712,-0.037593502881555996,-0.03219012658980614,-0.013134242445320386,-0.08891313534058602,-0.04575034306912946,-0.02443287193030454,-0.16747575107842338
2009_1,0.1924496470769917,0.32792641998517896,0.17209792311814023,0.07538969591087925,0.16595396983594143,0.14833260742453666,0.1851003366472906,0.13377001389480883,0.09775002711523019,0.2289863634856913
2009_2,0.011752367146053861,0.029316702385324994,0.06152210548989796,0.012292962583230954,0.010782820068857366,-0.023006725730547326,0.020794382689108486,-0.003675151506051894,0.03930015544298234,0.04320991601276759
2009_3,0.11504480087762906,0.1705048155600196,0.19493772109728033,0.2042106931436492,0.23678320470147188,0.21582709665564728,0.24594944481049238,0.14090380387814924,0.22729115490190388,0.1465894281042719
2009_4,0.013514629687738413,0.12566535387650085,0.09211481566671398,0.06804771907185783,0.06745151977479744,0.09495138278659354,0.1061291008800996,0.07490699554957482,0.10802960101707926,0.11107055950328117
2009_5,0.32531040962403485,0.16966346747021718,0.10758298891996416,0.08578315514885677,0.1073991344521521,0.10849853799192068,0.16263590827723937,0.2067549590358542,0.09886793364870206,0.21865016545965224
2009_6,0.08151434280771665,0.09462441939679288,-0.006824376516268783,0.07076940327014229,0.030974577699735526,0.06517485306521378,0.05224120579052465,0.052069783803535837,0.07282315378939193,0.05678244686787975
2009_7,0.033613581554297146,0.03733971720753747,0.13226443826111903,0.07749538524769085,0.052418022501061964,0.06235409075678049,0.028603231524705265,0.06605463544212352,0.09569880143994006,0.10137448225483296
2009_8,0.04743018540118214,0.05291929206232588,0.05337843672305161,0.135546935614486,0.03537487919961964,0.017175615603470307,0.08939795284959483,0.04923121093329202,0.046253818487346395,208.3493859908694
2009_9,-0.01942957623549345,-0.0036502823537760093,0.0364118362211812,-0.026191399820524493,-0.0022249563819901974,-0.004110939555410582,-0.009209208905106644,0.006236138197199569,-0.006106166940289244,-0.062415135513547486
2009_10,0.14937435833233562,0.03428434520750182,0.02795109685034907,0.06756180856352093,0.015432409995013944,0.04674079390933318,0.04743045610381088,0.03051503059792927,0.05780260781701819,197.10812553204414
2009_11,0.019135369277404633,-0.028549096969847608,0.13953791109686356,0.045628153181192746,0.07120121972796108,0.03693549141101745,0.0599599833183702,0.020810179454262955,0.04094378616778321,0.01678803855974426
2009_12,-0.04291388371642097,-0.07558168934239316,-0.018416820302135168,-0.03477703423968919,-0.003621945808091276,-0.013378817080342257,0.00465931008972238,-0.01004937090426308,-0.014847133444976223,10.23494557767375
2010_1,0.17980528569052914,0.19745835551998978,0.14829947712540167,0.06698525538935843,0.1386612253094412,0.1521226263438406,0.14496597857439822,0.08037926439775991,0.11369921013913174,0.04048203578416077
2010_2,0.06392329952420235,0.043641683430661105,0.06109528713365096,0.09102707427875399,0.14967137956931204,0.07504907026390059,0.11247270274941881,0.07769032270777419,0.09818943080405274,0.041573865657350655
2010_3,0.057845008861005236,0.012794582827928641,0.04251604272357524,0.049393276780622906,-0.028074046554354165,0.022632291387205593,-0.012208654856836717,0.0005975650300717292,-0.003186255350798758,-0.04948056833309938
2010_4,-0.033668170666756154,-0.027269309331672664,-0.011972856884357353,-0.0487003733036306,0.32428126555465864,-0.05359180980809116,-0.03545366712249335,-0.044508581278663535,39.241064356498455,5.2395651021287115
2010_5,-0.14151953743086587,-0.0974077879612438,-0.09792600889049678,0.18371382307197992,-0.10570017038060943,0.10901233828689279,-0.07485833951957613,-0.0888792203879686,-0.09888018266702768,-0.04938952135629711
2010_6,0.02227688796636961,-0.01516538009509871,-0.04018681125506984,-0.01112006788540959,-0.03169124202218595,-0.046751673104344964,0.24462901571100626,-0.050275462348757946,-0.04048098583015695,0.335078244000617
2010_7,-0.03835191220655882,0.010798482274490009,0.013765293856017673,0.022754473319658464,0.043396382506374405,0.07245474166081256,0.04746371785413087,0.07035280905602016,0.03363823822456859,0.30761287827037437
2010_8,0.04388724678316931,1.62820840593642,0.02445138342506887,0.027400334362362107,0.05270571375384051,0.03252221887505953,0.022372362332454848,-0.01736473773379347,0.01692782328847428,4659.279002320844
2010_9,0.005184029263067955,0.03962249523764811,0.027013261534213233,0.041139195285769196,0.03264152959667897,0.1330487899306342,0.08179262834280829,0.39922370318742895,0.03342034107830756,0.2855253233496227
2010_10,0.12953682093394675,0.10439752973220183,0.1520209727931324,0.03368973152653047,0.10275321961372101,0.06569422043193651,0.08394258070832702,0.07325594108388547,0.060504215584930306,8.502339361109746
2010_11,-0.0027696816196476825,-0.03140574200027326,-0.008020708063849318,-0.025183698566659685,-0.052193407370594656,-0.037495834391870875,-0.013299415583020672,-0.002725115204775399,0.009647777178831137,0.2551107532974275
2010_12,0.01973376764275376,0.0033782887538287604,0.018006875586138844,0.01129179437073157,0.05539906127171495,0.03417773086648521,0.06378989549488094,0.03303875157368878,0.8324072232737769,31.149935103611043
2011_1,0.01954329612335971,-0.010621811287355938,0.021544922750281647,0.03377910612864862,0.03543251734033502,-0.0059746724432421005,-0.020906014832111318,0.02941427738231054,-0.033755720851422845,-0.030674156445377864
2011_2,0.02419998667671434,-0.018434710340434275,-0.0038181805762015353,-0.044208319780156206,-0.002230017422044047,-0.04728569201794126,-0.0260376234054286,-0.05851794305040076,-0.02243677630440186,-0.03624647811349643
2011_3,-0.020562678809643593,-0.012399743730385517,-0.02806923875429643,0.00017679844415488137,0.012995558066817292,0.010376175732275755,-0.02887752437188763,0.3005286641815156,0.031543990464011636,-0.07606009165301722
2011_4,-0.03287081512741064,0.007246451429309285,0.0037904578513000753,-0.012359751247664376,0.007815206863885331,-0.012721397973772284,-0.013023241064978371,0.0041189888169521705,-0.015331050341152817,-0.11407868236134427
2011_5,-0.08151494219316753,-0.03489031307720254,-0.0574463932860459,-0.09669316858739449,-0.05770713850208801,-0.05933840401994169,-0.0994172571574209,-0.1057335441790588,-0.08992896258568948,-0.06525412909998586
2011_6,-0.0322444904108478,-0.024528257871041237,-0.029084591901385685,-0.027365326972550258,-0.06575684139442044,-0.028269904895116316,0.2863637321406577,0.005399181345048616,-0.014835736806793925,0.37057720410252837
2011_7,-0.049380515442991754,-0.028203451045262642,-0.020026365707538813,-0.06210063675843743,-0.03737929167568194,-0.05088264686061539,-0.08385966279980131,-0.05906208466300843,0.21501283561332643,-0.10015755119795139
2011_8,-0.06840963009354753,-0.056698827417461205,-0.09844029122271312,-0.04734682542039376,-0.03158627036675352,0.17953518491789872,-0.05235965233889596,-0.11820157356648667,-0.10019579817559711,-0.11978244097829834
2011_9,-0.022302562749483303,-0.07108463334920125,-0.005858592438156853,-0.042596036242796495,-0.05864985578546165,-0.04417392015548725,-0.05141948968560452,-0.0863323383467461,-0.05484282177443546,-0.0928667435787657
2011_10,0.04038428629954266,0.03810046756888928,0.03556092134065822,0.047928394947417685,0.05509294564388722,0.025385552738679866,0.06719606797442162,0.08970380640290947,0.07970747243027483,0.29959582726498496
2011_11,0.0021432895187223243,0.006781177633116387,-0.01445282234861529,-0.010909155708184782,-0.009318611466151117,0.3144640551405767,-0.007365113139281389,0.28773313831404457,-0.06482250739790177,0.2756320142728121
2011_12,-0.0565477231023014,0.020548602271537063,-0.018251754372530866,-0.025799871368199008,-0.03825411686543877,-0.020686844476314685,-0.03264427176453274,-0.021409494380983465,-0.05056665940145391,0.19213023067788354
2012_1,0.09698709490073906,0.08828118786209399,0.3318200084007326,0.011051685489904806,0.3442574689127469,0.041058195442633325,0.08674926392501152,0.03229077428254523,0.06510164355894402,4.533631213840942
2012_2,-0.06119470219616447,-0.05237902797406344,-0.037274401523752256,-0.01872371491432562,-0.04254026720958456,-0.09423119213736607,-0.0693663289874684,-0.054538207344940755,-0.06258825401037432,-0.025639151751565465
2012_3,-2.6040124538976037e-05,0.03447940792673717,-0.013519501629946211,-0.008288024495100183,-0.00661401516986837,0.2876178858566908,-0.0010932273851241541,0.023167327148734377,0.05289039213534556,-0.08028043489895124
2012_4,0.08614663817767028,0.03504560235994776,0.052219512742453615,0.03987331358301461,0.02696639318193966,-0.004978041126316314,0.05501844250505554,0.016078240708128994,0.037167000936250985,1.3559085562253836
2012_5,-0.06145634956547394,-0.04764697168218802,-0.012583271892424102,-0.05282073575518238,-0.05160916552148504,-0.07093125548138048,-0.08424295881452154,-0.10626558002793679,-0.10898730238564633,-0.15200705904297124
2012_6,-0.032941869048110896,-0.023104410530479888,-0.023375018937868752,-0.04601419421276801,-0.04526137204733593,0.004331627819722065,-0.03917289516588487,0.021193842925351137,-0.06296642322170592,1.2398234890634037
2012_7,0.0012959226734266583,-0.08028504319883113,-0.017174985515413962,-0.0163720981172702,-0.05383470100085717,-0.0704180233676901,-0.047927615177920685,-0.03671293857144752,0.011840043622812439,-0.10514541906591511
2012_8,-0.08142111530728482,-0.018686256601176832,-0.017848151119599,-0.011849906810973627,-0.00019953164097078594,0.20273654327699175,0.008018279669692758,2.6091699986716645,1.4492440768064538,0.21318756987500218
2012_9,0.0639253813765914,0.07161607060169324,-0.015298605975219091,0.04712128058033166,0.027587488548009496,0.008908414579981705,0.06225575972930698,0.11585734159916407,0.05863016166942119,0.014724895805463368
2012_10,0.05976539540938953,0.03576850337357196,0.3330388048295995,0.0830886062044273,0.04669152530217409,0.3806800048606775,0.037737114583539295,0.05706878043937152,0.3082524792085217,1.3992391456721576
2012_11,0.2993543273045778,0.06243103736297037,0.06728458769375784,0.046004510442615804,0.6893990286423832,0.010400837459473806,0.03771343274893318,0.0940809307372981,0.27823484298567613,0.023142312782034716
2012_12,-0.019259939894183904,0.44083404993718034,-0.025192808996819308,0.03281972540689883,0.025634485725608197,-0.0017676331972241836,0.0519514103117878,0.03526072440699058,-0.03671172661913081,-0.07478021319975961
2013_1,0.022380392210697164,-0.015055816998638515,0.05095172072765854,-0.023578087485054126,0.020972808094949096,0.25797601383823576,-0.012904376369347454,-6.941503432706022e-05,0.03274862882113801,14.162292505048166
2013_2,0.05608285671269737,0.07276689349525302,0.056580605177638243,0.07250294744134368,0.05353820028681152,0.05239404116561405,0.09083139038513267,0.047762170884556594,0.06921094363668845,6.621321176739727
2013_3,0.032296494866010404,0.0434247389541061,0.01084440047649864,-0.025142297674122127,0.01839726936672502,-0.05737203104811724,-0.02440701024217411,0.02060508129758917,0.04029941612032024,-0.0675490833196153
2013_4,-0.034015615349284725,-0.020883114398832336,-0.019735765535766392,0.012131232931181412,0.3222861440267234,0.24307453801125412,0.24817261586032136,0.008010599157989034,1.5459689487155495,15.784972136320633
2013_5,0.021179168656300196,0.029840332197405464,-0.016742729601286595,0.03968488891030874,0.06557644369927221,0.021648820239685913,0.017089438814285002,0.020957846760579397,0.04067555794140895,0.005232329434930524
2013_6,-0.002549879619245991,0.09221674743633891,0.1624866281976772,0.019300195206486386,-0.013812942732270754,-0.036716694548784914,-0.05899862701008011,0.00606120532519564,-0.0404893083342498,-0.1367432470488411
2013_7,0.008882063234367762,0.06316501596904982,0.0006962572677080077,0.043263443942817496,0.2443693284473717,0.03616641453711482,0.3199688841079304,0.05717090732028247,0.024876165650086088,13.729051912450513
2013_8,0.03324824635685684,0.010820358481164739,0.015981729275641416,0.04518503499558914,-0.03320902267567636,-0.007391295919404385,0.04652495742251901,4.84345575675759e-05,0.009713412631785255,13487.779659402904
2013_9,0.011331682601535104,0.07204576974862036,0.08350686652595739,0.004011247203573116,0.08357571952775374,0.23792743951466064,0.046203526647823345,0.05008863291493213,0.07814656576647196,0.5231104222571997
2013_10,-0.029757522597063473,-0.004523373943053802,0.0001545757827613765,-0.042168905877888706,-0.002499509896376086,-0.005128621748023019,0.004832387104657694,0.014462787492635451,-0.009654223002973205,-0.07068897677159915
2013_11,-0.012274540058220427,0.03121358816493692,0.14074839080695692,0.11577185380756441,0.06630833175958004,0.016762012052948076,0.00696212314407176,0.050390541896465316,-0.00160921440714117,2.094371608798917
2013_12,-0.023371714349474854,-0.008904724793511768,-0.002310197442676557,-0.009882786619966053,-0.018479713457793503,0.00569126616902581,0.3850162072769123,0.03297365183517106,0.0010474850944717535,1.5256821287618434
2014_1,0.06847336110076503,0.010690062500556098,-0.02329396769683254,-0.031759475606200405,0.04361134804638965,-0.005422744663854392,-0.015955547439582374,0.017939565947636977,0.013876606096281083,1.1908538866999099
2014_2,0.007072535902895889,-0.00021844725051679213,0.017216246453179915,0.19033482090923423,0.03916524124703397,0.041302998530321954,0.3529923676434551,0.04877944893381788,0.06968957446408981,9772.467632290976
2014_3,0.05320821973112097,0.3908764763526641,0.07458305107394118,0.020027500617298685,0.023605143681222678,0.017926785443286252,-0.016558435807259433,0.04341772576558151,0.02274604680050018,0.0010759665179459138
2014_4,-0.020434801048840434,-0.02371415890345322,0.025039250074105568,0.015061243119125057,-0.011568813616172239,-0.02866314231895956,0.2840081356903442,-0.05331345329884034,-0.007995054298334955,723.0376965357748
2014_5,-0.019898713065001582,0.01172085188021391,0.01805638380639935,-0.030140321262841947,0.004949490036504222,-0.003983890577306679,0.007541917303420675,0.06056917050065214,0.0034966825866737826,23.352869107204544
2014_6,0.015876705850374765,0.17259194483312582,-0.016405801501474762,0.29803144447690355,-0.010622780529544469,0.0166319595505135,-0.01061865264238762,-0.008414387388277657,0.000788496065636158,1026.858838870115
2014_7,-0.01866789691119038,0.21150823024741264,-0.02578973287377709,-0.005934311774728625,-0.019281655771903054,-0.03971548616117641,-0.02278783386412518,2.921145531327868,-0.039799360951605044,-0.07189033310808116
2014_8,0.01136416631255633,0.3885576575239758,0.013118680280959468,0.02927402026385578,0.019227677831556503,0.035345302643826564,0.04289159437444705,0.004902125909085102,0.05055676621283742,0.7250557049006405
2014_9,0.06300460927665862,-0.03276538829653972,-0.03145292081783206,0.00811375642131005,-0.007775492865672107,-0.005425284092492459,-0.06510301798809369,28.708468568504014,-0.015001933612515003,0.512103003742193
2014_10,-0.023042046175119384,0.050396671189361815,-0.028891709448496134,-0.028540984589670797,-0.02847918542379562,-0.029111247852783018,-0.031175274077844237,-0.02313949846300545,-0.030468302636688812,505.8815497493782
2014_11,-0.011523938378034166,0.21512957616207948,-0.015890518968889936,0.0003502137121677054,0.027085484730281852,0.017587292582233693,0.03250704549854826,0.0004301068334002395,0.00018080193577918457,23.864293428784684
2014_12,-0.046265929449027174,-0.048701772240832025,-0.030860245465417647,-0.05432075614755031,-0.03234630913189603,-0.046506944494487515,-0.08791540769403722,-0.033905600339595866,-0.040237265586780216,4.2764691919126525
2015_1,0.673028241551547,0.027028532112442532,-0.05774558355697447,0.020949261138299136,0.013505926501361032,0.04044418857754358,0.043712166265779784,-0.02451804992288779,0.002310060328512929,-0.14853325798043251
2015_2,0.03572384672014643,0.008969372876599309,0.0750622366967064,0.04781820531929743,0.05568257240695938,0.06513496475421748,0.07105196702415678,0.09772577370361057,0.10802112320652497,83.72809857832353
2015_3,0.05816421773030591,0.03742921265345826,0.027684922705752773,0.03792282299268405,0.0915845275590659,0.07524638871045405,0.03546208377071118,0.014323116165748499,0.0005144136435661695,0.01335752469140748
2015_4,0.02238731315369636,0.02982766280262618,0.022968373761682277,0.0017504916271942025,-0.006507266937805526,0.01732379642961708,0.006557936145683267,0.004572747897686328,-0.019717272659180295,-0.03840212329614794
2015_5,0.033027025283357096,-0.002627375474997384,0.02658997798308411,-0.012653402128309676,-0.018838104422450017,0.027574916190950958,0.023021241349297755,0.025502148025268453,-0.025934142620733073,4.1163660477005815
2015_6,-0.00958269355705477,-0.016381401178111068,0.0164124083548332,0.026827325603154782,-0.009605968839247374,-0.03225465479932841,-0.03425050256628858,-0.03634178845942506,-0.025862618078087162,-0.05219581724370326
2015_7,0.08363119269754217,0.048209040507693826,0.00903023516240447,0.03777198999281423,0.048999960250563204,0.010249277264689367,0.016765345695882186,0.011762099581529318,0.06422273888865869,25.448984269158355
2015_8,0.009497800869896482,-0.01644579553955568,0.010786417955094678,-0.026845797000639497,0.0014808638168584503,0.014385610014993081,-0.008596299163630668,-0.007087618146340928,-0.028106962627163574,-0.03077038708794384
2015_9,-0.029049951329374938,0.002437522658590537,0.20223488063105283,-0.005125350401216182,-0.03467082560019249,0.01451203277674437,-0.0318698967602428,-0.0032059730828353375,-0.06101729045995257,-0.08319144384656649
2015_10,0.006852283862707864,0.0045356476257444765,0.31453359282446736,0.029228928122882483,-0.004686756119953339,0.023049795013710517,0.01124991092796452,0.04775535975029631,0.005035193543235365,3.3672560549060857
2015_11,0.056473661880236684,0.04338404619251326,-0.008780129552264293,-0.022871968606421354,-0.009544949076409896,0.016805492511244417,0.02104396656654637,0.005398828693284145,0.0018847367930628356,-0.014604801371995336
2015_12,-0.03985708882567344,-0.005250550351935919,-0.007639223177986228,-0.03972494733494316,-0.036017609963110195,-0.018048559009873063,-0.02532154914166613,-0.03334230776035431,-0.021099889119042016,-0.0558912495093032
2016_1,-0.017487820837847626,0.06509552368101652,0.005981398001668773,-0.014195120617109376,-0.02049589313436313,-0.03735524055394927,-0.04014463760525526,-0.02328330486785909,-0.023258557612887767,-0.07829627149051215
2016_2,-0.01876771180136861,-0.009830931404171824,-0.016179940532246324,0.018466368347543134,0.02281682937314302,0.03717502028025528,0.04721975875774874,-0.0023651554483613987,0.01669496311563314,0.013900397569729628
2016_3,0.06905937112102807,0.02270802345363145,0.02060323478429481,0.02390085669186379,0.02502081766938402,0.013953983327492836,0.014841912622006988,0.02108637601028672,0.025456354691705367,-0.04351189250224237
2016_4,-0.004469354227115069,0.023541709736692108,0.018013969308118005,0.032939348541440545,0.02126732347834829,0.03504553590588119,0.01793757803303602,0.01078908479166283,0.03803053266838521,4.117633271460297
2016_5,0.0024280165484366926,-0.0005954632769541875,-0.006984044938640824,0.045292737221975334,0.019299944242445875,-0.00517586363731667,0.005990093500925652,0.014525306703766401,0.016480040166072792,-0.08611389747069804
2016_6,0.015080381496583216,-0.0045655078955499275,-0.012965977671546532,-0.0031041630396244527,-0.01630169841037252,-0.04391917476811739,-0.024367761353551138,-0.014911859161277878,-0.03179402000637506,3.6564310649787624
2016_7,0.04325048782262748,0.07575010838374852,0.05059732154883373,0.062457473458148054,0.0651693528888004,0.042878285060719244,0.07105699148120251,0.09291657453498252,0.08780416925617547,357.59966808523575
2016_8,0.042776012500664456,0.041736577801417304,0.3806641552858235,0.008578067141452022,0.025610982465442564,0.05542884446986277,0.03577203334721468,0.040258246590880335,0.029634289042320277,31.86436673757532
2016_9,-0.00259550695058118,0.03131981195877871,0.006583993400487245,-7.026465101472331e-05,0.026267718575108335,0.013365158782391404,-0.011427877754500496,0.012181355298398854,-0.004108825429050315,-0.023055715989972046
2016_10,0.022129514946664094,-0.018106816766659775,-0.0345384504854354,-0.0002354528809164931,-0.0258954126259799,-0.01007404190360742,0.0030880688395433266,-0.013628963234586563,-0.021719137176044526,-0.0741290332176346
2016_11,-0.00602322622006244,-0.027788071092933166,-0.0012821101004986228,0.0055166921017044505,0.19521862179397811,0.058229386239080236,0.03660184985225849,0.05649369452265969,0.032884398217622304,0.0006351582987607676
2016_12,-0.029263944151061084,0.011924152228259221,-0.013123513938283891,-0.011653713106187409,-0.007807712434137408,-0.012226834433330027,0.030177759533068546,0.0372427342785796,0.013679339608913613,312.6530284170938
2017_1,0.05556512424861314,0.05195926347720371,0.03462323597037577,0.30617523665779417,0.049386712588255666,0.0510830608420881,0.030418294099561642,0.04606503997660914,0.03760041659894141,-0.07395737767178728
2017_2,-0.004160890419266726,0.04297178294955086,0.059553967353394424,-0.02935119049002575,0.00435134438083868,0.05048070696941398,-0.004235579883929863,0.0595374121493846,0.021503073457472835,21.366768134759436
2017_3,0.04471129201168342,0.04722117553098207,-0.03520529608894396,0.43474872375661333,-0.009277691323154397,-0.006794500529817487,0.008347503701372695,-0.009505814429019932,0.011898011354721256,187.36411203287562
2017_4,0.02178326152177287,0.04523101379257231,0.050714056783962666,0.0334131268737405,0.015334971326013934,0.06006652758477314,0.03722127864909627,0.071916630934134,0.03650073319829758,2.8891493411425713
2017_5,0.025456898697950692,0.02864485962969241,6.184007899102256e-05,0.0005584774569178386,0.042784406770024735,0.01828527726121418,0.049077258585775975,0.017160067761118954,0.03388159513412656,0.017365329774407044
2017_6,-0.025667049070887488,0.0090980283704718,-0.05515754162154528,-0.01866278145681807,-0.03369064217078607,0.20679272693607917,-0.046540504247138584,-0.039412991547683754,-0.05295180649102974,102.91127069951402
2017_7,-0.014015936535330634,0.03688682071561286,0.04000066852198131,0.022722670960752565,-0.0022223860058264854,0.013945182450098657,-0.010653280123419703,-0.011518908880439143,-0.01251965192425948,0.04338667444122151
2017_8,-0.04591076151212752,-0.07477452008666835,-0.050370146935889364,-0.03061188117483004,-0.023983457050483072,-0.040679271921511745,-0.08206140575631918,-0.04750630361091341,-0.002091964043769453,-0.03708558855711287
2017_9,0.017772444588370087,0.016028004575060616,0.02327805388667019,0.03253566775285705,0.02984765199830157,-0.003505973747144752,0.05120460522794118,0.05730854378625424,0.03482491025517684,0.019028589680799745
2017_10,0.03630248256165284,-0.0013476323693706442,0.0009636803086496147,1.6614206964527445,-0.015776588165926683,-0.0003612596164814988,-0.00010830088310452808,-0.018785203383727512,0.03351750658668207,-0.015450918274111798
2017_11,0.007370474959475897,0.02009861324662251,-0.0003938571001504237,0.007606451094090041,0.029190868095815482,0.02370886406762136,0.16676621304546835,-0.003452135175871595,0.010024576581242228,0.034668754093452124
2017_12,0.022534921950870663,0.040801734151946406,0.0281969507788365,0.002815664557300906,0.020307909190246155,0.03167561740345406,0.02331754687917591,0.002583258481585685,0.030175502972172336,-0.019116836750309785
2018_1,-0.014170620676894518,0.013048058411808821,-0.009673363392109294,-0.007120887168491612,-0.013260878014279975,-0.008017348770375781,0.026090556523282175,-0.007349258785225027,-0.013060122930688398,0.04906494179191181
2018_2,-0.01881025499150724,-0.02665355081654996,-0.01817096082483175,-0.015154594348751185,-0.015870617528938993,0.011962827071371827,-0.0030052328549125904,-0.047490673194107984,-0.021585277003517866,-0.02252860316091686
2018_3,-0.01678906320919489,0.0005728180995372997,-0.030478221530697652,-0.032873816860064846,0.08178407963929327,-0.01781406298899399,-0.04211635822194452,-0.0326479543938952,-0.03550048549809586,0.064625115379473
2018_4,-0.01672297336749979,-0.04929456400296212,-0.030028572012488843,-0.021007259558976317,-0.05410984233788154,-0.031789894907752116,-0.008788078853880535,-0.027196136317482928,-0.04465187752166462,-0.004275916236347064
2018_5,0.06604154545645574,-0.0077024523976224725,0.001972646704112197,-0.009544271465817968,-0.00038457240835214395,0.006918864302603589,0.011322577079840098,0.024405788739855955,-0.005631659073650421,-0.019839186538571783
2018_6,-0.0215348475860721,0.012379944192350565,0.005556654284356525,-0.0056885100122931785,0.001772249010818445,-0.03302295417761589,-0.004182218818919412,-0.00468129118016683,0.057445950738528075,-0.007972558303023224
2018_7,-0.014788062494873725,-0.031036755382100455,-0.015049140983146216,-0.031859626568373316,-0.005224802585940453,-0.015807316794178416,-0.007971368067582722,0.0028501402976435298,-0.05211253837905513,0.0002277870155167773
2018_8,0.04010590197277368,0.031782445433441005,0.07954652128889324,0.10606601958052038,0.07603970683761531,0.0747398492936173,0.08658549081931281,0.05594874288571543,0.07133253694221263,0.07687473557999439
2018_9,0.005369775291096433,0.021740265422910965,-0.018993126516268378,-0.010115569394906581,-0.018811016766786433,0.0378048379709529,0.00511801777454522,-0.010889625011889932,0.0034177418786460515,-0.01734009464547843
2018_10,-0.028638823417172544,-0.03343735574977154,-0.04294823840622643,-0.030070073502432244,-0.023116626014323995,-0.020816375741156693,-0.04528999885066174,-0.021062669776185768,-0.005512366188642857,-0.030590116127565018
2018_11,0.026425269129169923,-0.028702015166165815,-0.019400235657132843,-0.03231224943333912,-0.010028641498999858,0.0028470654377553465,-0.021787204697403497,-0.005776488734440683,-0.015421774078665391,-0.011833497442408216
2018_12,-0.0639976951162455,-0.02942624923505964,-0.09136974936776313,-0.08750518207189015,-0.0805107930439011,-0.09127274395488769,-0.12427597993680876,-0.11473592012276473,-0.09220140471918928,-0.09558131697163995
2019_1,0.09577826297442331,0.12121089914908054,0.09047409572964922,0.13452378274736584,0.11287825644277844,0.07377504394382776,0.0889100390561703,0.1085539170865279,0.12688705212404053,0.05335326545753296
2019_2,0.04104078797115299,-0.012246024416815231,0.011444079719545764,-0.014914616006884672,-0.0049618852697209635,-0.008959520398956958,0.024305088867413366,0.004544050318244881,0.012499130670533987,0.047354088892717035
2019_3,-0.008180448062498458,0.014679347400062447,0.008845017835019097,0.007709893687909586,0.010799731049805283,0.04130135710096525,-0.015105134425130921,0.026688101241355202,-0.0028336933363414807,-0.004109302271123743
2019_4,-0.003941245763769977,0.001827665096904322,0.02707444642245919,0.009938655736627963,-0.022238415087983746,-0.0035572289705376775,0.01202728352039557,-0.006836382197135793,0.015455435377578538,0.024014636375629905
2019_5,-0.04420261842452531,-0.001696957680727577,-0.08093764022768667,0.018996982785921653,-0.04439541910845016,-0.02818644910630489,0.015878582693234666,0.009413589449101038,0.008598764777929143,-0.02145770696777227
2019_6,0.027115871399121815,0.038958282048197554,0.0139886576459884,0.009781673928372673,0.013495814056419309,0.00998677995016403,0.04723068248646446,0.04016262933450022,0.01059377331154104,0.025734965629944314
2019_7,-0.03641016366354884,-0.02554433838078842,-0.024702687971129487,-0.016233128375137774,-0.021244400853062704,0.011870361658406737,-0.021134607189864527,0.008009396218266943,0.02447960846058749,0.00025245654654508173
2019_8,0.0013719640885114866,-0.0708108291251113,0.017730059808012403,-0.0007667210659006181,0.019443023423365107,0.00455298180689903,-0.02754960305175771,0.016371349393993498,-0.006197832326740634,0.022299544875035056
2019_9,0.02346110693753624,-0.009703741502560141,0.011186200251615036,0.017284703021941395,0.030321797581482537,0.01500450463424505,-0.04713327132652046,0.01488334530171727,-0.005241208597128779,0.02181388136679649
2019_10,0.01615136676185566,0.01617272364701776,0.01724141134193911,0.07379524215716539,0.014666319541202713,0.006094754556448747,0.06372269607701725,0.049155093650801014,0.04660455562607603,0.04882767736919043
2019_11,-0.015109861969339106,0.03773293122911684,-0.0016066258926525302,0.003381634249225838,0.05704340034306425,0.016345795971230915,0.011417586523338066,0.03189594132474323,0.02791656544198854,0.015512357874427228
2019_12,0.11845571030541713,0.017267657264393287,0.015576487552452115,0.033911504923224194,0.0021759325922618474,-0.01592258428179282,0.016329495996377938,-0.014787421235144345,0.027287105022407675,0.020497128332288866
