,D0,D1,D2,D3,D4,D5,D6,D7,D8,D9
2002_1,,,,,,,,,,
2002_2,,,,,,,,,,
2002_3,,,,,,,,,,
2002_4,,,,,,,,,,
2002_5,,,,,,,,,,
2002_6,,,,,,,,,,
2002_7,,,,,,,,,,
2002_8,,,,,,,,,,
2002_9,,,,,,,,,,
2002_10,,,,,,,,,,
2002_11,,,,,,,,,,
2002_12,,,,,,,,,,
2003_1,0.008035958,-0.017422865,-0.026893601,-0.014200027,0.011050346,-0.009135869,-0.014377561,0.025577667,-0.028452734,0.023160238
2003_2,-0.052452259,0.005153164,-0.008019114,-0.000937272,-0.006869867,-0.013108829,-0.049721941,-0.011054304,0.006626175,-0.025368607
2003_3,0.00546892,0.067646454,0.047405325,0.031606544,-0.027383349,0.010846327,0.052203667,0.053868522,0.118875672,0.01188643
2003_4,0.015719016,0.042136197,0.085540007,0.030588638,0.070802395,0.115912524,0.10896831,0.119985401,0.098054112,0.050839768
2003_5,-0.01525059,0.050150498,0.05653792,0.093450842,0.085007955,0.155717587,0.100042448,0.174604258,0.045051899,0.004504428
2003_6,-0.044145206,0.02058144,0.126053897,0.073430217,0.019427252,0.064782601,0.141454916,0.039598344,0.044661418,0.029239608
2003_7,-0.060806544,-0.054306395,-0.072210965,-0.046692519,-0.037299836,-0.083432241,0.002283484,-0.051672145,-0.09854281,-0.058191659
2003_8,-0.058987147,-0.053150144,-0.02764688,0.000553621,-0.01374042,-0.059028646,0.035235628,0.006891136,-0.005475033,0.004844828
2003_9,0.02180575,0.000448164,0.012024215,0.037179141,-0.021177606,-0.018845838,0.013196371,0.046023867,0.016258705,-0.063976119
2003_10,0.029888956,0.094840955,0.006118895,0.058236822,0.097241778,0.050636128,0.07423215,0.072900628,0.077106785,0.097711222
2003_11,0.09968199,0.070342724,0.004061106,0.0729802,0.071451007,0.070063432,0.068658015,-0.006874553,0.032341073,0.060711248
2003_12,-0.027380426,0.030183396,0.006783119,0.054353721,-0.016262819,-0.007873593,0.028143957,0.057191787,0.056510441,0.030750433
2004_1,-0.001139091,0.135234806,0.057999947,0.081319066,0.087714912,0.113512102,0.182881328,0.073490335,0.102518027,0.05019871
2004_2,0.023405626,0.002460132,0.048697823,0.06418211,0.085433372,-0.081125985,-0.018162067,0.081904438,0.012790405,-0.301065362
2004_3,0.037744888,0.034068356,0.1061798,0.046082945,-0.022984443,0.004643904,0.085571284,-0.01857113,-0.027904454,0.05561733
2004_4,0.049313482,0.086634268,0.044136295,0.070691784,0.079650388,0.029917968,0.060064081,0.054182033,0.031264713,0.033429698
2004_5,-0.014641574,-0.036916286,-0.028346403,-0.012456162,-0.028187889,-0.03037232,-0.055998033,-0.039008642,-0.010919369,-0.037939909
2004_6,-0.006474995,0.021216922,0.02737899,0.040781868,0.018506451,0.034537061,0.062293073,0.020117386,-0.05041995,0.071335135
2004_7,-0.025351446,-0.052397322,-0.034583664,0.007062396,-0.02884678,-0.053370213,-0.025579585,-0.065716538,-0.067737543,-0.067117324
2004_8,-0.062447636,-0.040857267,-0.056372403,-0.03979183,-0.025694101,-0.067430104,-0.074849673,-0.031911178,-0.047213188,-0.068715299
2004_9,-0.006545367,0.006054012,-0.020257087,0.030045903,-0.018054142,-0.014153485,-0.005260874,-0.008343529,0.006410723,0.000251914
2004_10,-0.026122114,-0.031671928,-0.045034042,-0.021922106,-0.021162015,-0.041154148,-0.017265705,-0.040560685,-0.008916732,-0.051707233
2004_11,0.047670229,0.018330943,0.067544736,0.040461393,0.001082962,0.006904586,0.058881298,0.067765502,0.039271421,-0.018268355
2004_12,0.009816444,0.01595479,-0.024631598,0.014022712,0.015458332,0.056765398,0.00433585,0.053043012,0.00476455,0.167866039
2005_1,0.103071924,0.207732483,0.150059494,0.140200633,0.175979418,0.164404182,0.134618618,0.115894272,0.101916599,0.094339644
2005_2,-0.042933593,0.061629371,0.078654697,0.017894303,0.010932467,0.046970701,0.021656614,0.028793006,0.041402161,0.007782128
2005_3,0.066424693,0.033169159,0.03799978,0.036586665,0.061602359,-0.026132691,0.027780746,-0.038899728,-0.112534311,-0.00343091
2005_4,0.04291991,-0.02120754,0.013212816,-0.005171496,0.002704378,0.07230613,0.041084258,0.00010884,0.043710472,-0.010380003
2005_5,-0.067822536,0.005370536,-0.049555844,-0.069250093,-0.059226474,0.020938508,-0.083729663,-0.014587404,-0.084339043,0.026867799
2005_6,-0.091229458,-0.103606535,-0.098593873,-0.103137691,-0.10705841,-0.094853212,-0.070225054,-0.070721613,-0.12243377,-0.08252263
2005_7,0.0933881,-0.007849753,0.053590594,0.024852719,0.05090271,0.040271862,0.074172414,0.075353456,0.092105214,0.054777779
2005_8,0.084256512,0.050674727,-0.011017547,0.014745456,-0.009612933,-0.009844293,-0.021782405,-0.003051813,0.135847273,-0.002787466
2005_9,0.056430016,0.002556959,0.063253027,0.017010525,0.02100878,0.025627867,-0.10183477,0.001395674,0.020864285,0.063566726
2005_10,-0.010054654,0.024025315,0.018343705,-0.008792026,-0.010853573,-0.008270423,0.024450279,0.032670039,0.005405077,0.011599965
2005_11,0.017891057,0.26269528,-0.011683963,0.051233139,0.029084056,-0.00438017,0.000722381,0.008658167,-0.030975986,0.020867571
2005_12,-0.064190522,-0.002041925,-0.070149208,0.005267951,0.040755885,0.029034405,0.036528568,-0.004568199,-0.066195094,-0.008102984
2006_1,0.127980599,0.040942591,0.128461088,0.131912327,0.015264709,0.110079011,0.125740074,0.034054696,0.109892322,0.156834625
2006_2,0.051664772,-0.011877155,-0.000693076,-0.015484693,-0.023266708,-0.02190502,-0.020210168,0.021954646,0.002529923,0.000766409
2006_3,0.025908102,-0.024118612,0.009484373,0.002431615,0.018909464,0.006541987,0.044221542,0.020262792,0.011800045,0.008992048
2006_4,0.037782114,0.07861576,0.041305122,0.038114237,0.05607749,0.087266619,0.077601635,0.049283459,0.112142643,0.089817676
2006_5,-0.026255111,0.007710441,0.021896944,0.011896651,-0.065243121,0.026774811,0.018862157,-0.021647041,0.00868822,0.015153381
2006_6,-0.041755468,-0.086390071,-0.051439951,-0.045576018,-0.053183234,-0.087736316,-0.06274919,-0.080041435,-0.071910568,-0.058760625
2006_7,0.002974279,0.000340598,-0.021171484,0.019022456,0.016342475,0.042702608,-0.003283685,0.010371374,0.059438801,0.022588607
2006_8,-0.038091564,-0.041207093,-0.021353769,-0.017930555,-0.029101956,-0.004726315,0.015102445,-0.011644894,-0.022191452,-0.001788128
2006_9,0.013849585,-0.00415541,0.011746028,0.000236157,0.032457097,0.037647859,0.029411409,0.007583972,-0.023969722,-0.071294119
2006_10,0.034338512,0.0751092,0.108124084,0.119354819,0.055677296,0.038712575,0.054169752,0.045949942,0.142119703,0.066325955
2006_11,0.082117699,0.035153803,0.044450158,0.048118344,0.059913044,0.037972539,0.062479575,0.009303322,0.112005125,0.121030765
2006_12,-0.02641185,0.018379213,0.01200773,0.025440061,0.016156893,0.006104839,0.001876536,-0.062955331,-0.008653636,0.047847648
2007_1,0.076051255,0.051019168,0.045978274,0.050514504,0.014697479,0.044858001,0.008589964,0.106442119,0.043909836,0.025557046
2007_2,0.052022802,0.037704812,0.007846035,0.020593108,0.060969969,0.029851298,-0.001760894,0.006646548,0.027976121,0.011856709
2007_3,0.021527667,0.010499455,-0.012900826,0.028194766,0.02086079,0.023556987,0.030516441,0.078391809,0.003693409,0.01565756
2007_4,0.076075857,0.096697292,0.040196281,0.082686321,0.056137878,0.070460546,0.064139959,0.054643989,0.088085994,0.086414156
2007_5,0.006995575,-0.012139899,0.01044414,0.039952093,0.03558862,-0.007204798,0.015210471,0.010659314,0.001163278,0.047381509
2007_6,-0.010024687,-0.005304588,-0.024830605,0.008367699,-0.015173443,-0.011388815,-0.021508134,-0.036536938,-0.015943245,-0.015726364
2007_7,-0.022661391,-0.047276234,-0.029053857,-0.045319208,-0.028288083,-0.026671846,-0.016288527,-0.056374313,-0.070323104,-0.041040845
2007_8,-0.078413709,-0.091436262,-0.025210975,-0.073349589,-0.059438604,-0.064288001,-0.044192329,-0.054673413,-0.040700383,-0.083423347
2007_9,0.012917654,0.004272909,-0.025713908,-0.021831301,0.013006489,0.037061996,0.048810586,0.044297148,-0.006554954,0.001370094
2007_10,0.012270362,-0.027812625,0.030102341,0.019086318,0.002063415,0.028824837,-0.002666527,0.035502553,0.019866277,0.034553766
2007_11,-0.014354654,-0.090306686,-0.029320973,-0.063882026,-0.056666536,-0.090957213,-0.086828278,-0.073049954,-0.092420337,-0.052151966
2007_12,-0.033932894,-0.067034038,0.030158525,-0.120656096,-0.028030526,-0.052631278,-0.07630039,-0.01247848,-0.024429256,-0.014628551
2008_1,-0.104015854,-0.14375146,-0.098081083,-0.113804409,-0.094507782,-0.097168309,-0.157020822,-0.101853155,-0.170467118,-0.174040925
2008_2,-0.00088783,-0.001110708,0.00661992,-0.010538568,0.016493434,0.014720562,0.040104912,0.005022014,0.003251516,0.031941539
2008_3,-0.080111734,-0.100303633,-0.094036471,-0.1021147,-0.064022644,-0.076746957,-0.049334652,-0.06602589,-0.087804882,-0.089623174
2008_4,0.000534487,-0.040828046,-0.026915178,-0.012518975,-0.049658136,-0.019121401,-0.027879996,-0.042436723,-0.021320864,-0.093239631
2008_5,-0.003432443,-0.009590244,-0.010973747,-0.025795079,0.013782976,-0.018564039,-0.008006676,-0.016803951,0.007092209,-0.016961131
2008_6,-0.078043013,-0.079033277,-0.094518656,-0.133137813,-0.106108552,-0.07983227,-0.149333851,-0.140524195,-0.151876809,-0.12402684
2008_7,-0.007250065,0.002726294,0.013720455,0.046957344,0.040319081,-0.001035743,0.048081144,0.022406329,0.026194492,-0.007961415
2008_8,-0.05165875,-0.07351288,-0.029901915,-0.008811598,-0.009432132,0.002759879,-0.018789499,-0.015538202,-0.018206564,-0.045519661
2008_9,-0.032257886,-0.147156966,-0.16749973,-0.109326841,-0.109081353,-0.129412091,-0.156129466,-0.138723406,-0.173188603,-0.229472605
2008_10,-0.09097521,-0.181635088,-0.201947764,-0.151314578,-0.195760302,-0.219697145,-0.20670961,-0.246370241,-0.227890999,-0.228667694
2008_11,-0.131380573,-0.103786926,-0.18234999,-0.293458251,-0.136985863,-0.157673446,-0.173685734,-0.21255678,-0.185571885,-0.323672823
2008_12,-0.075923511,-0.183839326,-0.117518901,-0.060803036,-0.046579695,-0.039549115,-0.111216938,-0.072501268,-0.041514731,-0.206646357
2009_1,0.11247801,0.217194795,0.128284971,0.04167596,0.117601352,0.122852335,0.127472848,0.143325166,0.054390447,0.160046933
2009_2,0.010893448,0.034204329,0.022095218,-0.00670599,0.012910004,-0.036765057,0.007273473,-0.006552279,0.037914757,0.028987978
2009_3,0.089293618,0.137431807,0.164366348,0.177699051,0.207178402,0.190018969,0.159174646,0.138618816,0.204755599,-0.206969181
2009_4,-0.013208823,0.104872028,0.066751294,0.05949633,0.063789147,0.081925709,0.109415648,0.049796304,0.105781032,0.083390402
2009_5,0.111476312,0.210437108,0.08598268,0.046561922,0.104653596,0.085561182,0.168232684,0.144994829,0.088446743,0.152464711
2009_6,0.062499834,0.050664463,-0.008542577,0.044813163,0.069273907,0.038958148,0.030087638,0.072045447,0.060737357,0.026210613
2009_7,0.04960989,0.018299196,0.084220394,0.077773936,0.055836731,0.0367653,0.021766756,0.058237351,0.103414714,0.081675063
2009_8,-0.009054865,0.087472398,0.063397652,0.067489136,0.049100834,-0.009344942,0.068192934,0.021151158,0.055777695,0.376966152
2009_9,-0.024936612,-0.007561202,0.006406657,-0.032715948,-0.004807382,-0.016179943,-0.004994128,-0.006485294,0.003830162,-0.381453164
2009_10,0.106630115,0.021115639,0.017727516,0.03495341,0.023495448,0.033307086,0.046848018,0.00986735,0.056661559,0.363970999
2009_11,0.004686178,-0.036321629,0.065046768,0.038922455,0.049773287,0.011955726,0.043393724,0.011457954,0.042741586,0.010564411
2009_12,-0.063735634,-0.087258303,-0.015544236,-0.084183313,0.006746295,-0.025778809,-0.011473846,-0.004160755,-0.02838899,0.252657283
2010_1,0.132891489,0.192837334,0.107274318,0.086241098,0.056330221,0.135305842,0.122785794,0.054774098,0.111564618,0.030934564
2010_2,0.044009706,0.001956361,0.071260058,0.087117438,0.101251006,0.071339429,0.10249813,0.082710856,0.074102572,0.047958895
2010_3,0.045686575,0.015283772,0.03828044,0.027717744,-0.053061873,-0.000217204,-0.003941311,-0.010052126,-0.002841021,-0.100656225
2010_4,-0.035974652,-0.033507761,-0.027762088,-0.05226301,0.11682597,-0.043884933,-0.038701863,0.011024175,0.219141617,0.403272657
2010_5,-0.167850817,-0.115761607,-0.033675565,-0.100234355,-0.126308964,-0.095900914,-0.071889157,-0.100723501,-0.113597093,-0.180170569
2010_6,0.018060814,-0.030616183,-0.044860895,0.00747493,-0.071048055,-0.044708155,0.041068764,-0.049948547,-0.052083818,-0.056795842
2010_7,-0.050285721,0.005506373,-0.008636599,0.005134749,0.068801474,0.02172121,0.067907111,0.042869818,0.048567984,0.059071498
2010_8,0.019234138,0.048115075,0.144396599,0.026150909,0.035663359,0.0303002,-0.093743914,0.005086088,0.015110872,0.38058957
2010_9,0.006695392,0.034013633,0.030895997,0.024216487,0.024996677,0.057461245,0.170433871,0.067820489,0.03882079,0.082720959
2010_10,0.10682645,0.103711033,0.10566777,0.030860001,0.103300415,0.064317777,0.051938431,0.083326699,0.056913947,0.276314147
2010_11,-0.007021364,-0.033545701,-0.01754256,-0.023923226,-0.057429247,-0.029388929,-0.056184859,0.009032696,-0.003873344,0.064339084
2010_12,0.012491114,0.009189553,1.13E-05,0.016003486,0.042987644,0.031425279,0.039232759,0.037015034,0.158383489,0.38090033
2011_1,0.016009921,-0.020553083,0.016083278,0.013095172,0.017883949,-0.012885503,-0.010645089,-0.000338701,-0.036598965,-0.028349674
2011_2,0.01417435,-0.015842004,-0.022290846,-0.049017792,-0.008526713,-0.043410812,-0.037700754,-0.041897189,-0.032182523,-0.050127846
2011_3,-0.025807785,-0.011159792,-0.028910283,0.011170267,-0.016275054,0.02248735,-0.058253914,0.096752829,0.030067257,-0.217228672
2011_4,-0.024130732,-0.006765038,-0.01539819,0.018818611,-0.026299604,0.006211136,-0.019614767,0.001295445,-0.01905529,-0.230491439
2011_5,-0.081047976,-0.022968533,-0.085296145,-0.090579029,-0.050023122,-0.087776161,-0.102809171,-0.121840064,-0.109267096,-0.304042292
2011_6,-0.031077898,-0.028452852,-0.021943729,-0.062066948,-0.045449295,-0.025212881,0.08456195,-0.030808281,-0.022218224,0.098892863
2011_7,-0.063156359,-0.015744203,-0.042456878,-0.051090092,-0.050190275,-0.105156715,-0.196214843,-0.064982043,0.02267328,-0.254228248
2011_8,-0.074057175,-0.063101116,-0.092454678,-0.065337466,-0.042918143,0.000111176,-0.057182722,-0.171851659,-0.12447763,-0.189316465
2011_9,-0.027217709,-0.074088539,-0.023487087,-0.046855396,-0.076029235,-0.032506643,-0.07000791,-0.084922381,-0.067690169,-0.098709626
2011_10,0.031465906,0.033705812,0.01244862,0.053560702,0.039920689,0.05487704,-0.052191118,0.087764735,0.074773292,0.161742809
2011_11,-0.002059492,-0.004290375,-0.020347196,-0.010852974,-0.006801415,-0.00476496,0.066470938,0.038054839,-0.065832596,-0.011426067
2011_12,-0.062418073,-0.002804562,-0.021278461,-0.029749532,-0.07672249,-0.029996406,-0.034702359,-0.028867227,-0.054944647,-0.177953038
2012_1,0.070619899,0.064300497,0.04760352,0.086235756,0.113622304,0.039726065,0.066046119,0.042101559,0.045979595,0.22859576
2012_2,-0.048857776,-0.06462054,-0.046564683,-0.047228088,-0.123708424,-0.070538653,-0.070112788,-0.060593216,-0.074279088,-0.281181817
2012_3,-0.013425267,0.007872605,0.0091349,8.99E-05,0.00014124,0.125329214,-0.004326306,0.026056262,0.035433695,-0.139228865
2012_4,0.053132358,0.034160481,0.035948522,0.060008866,0.008705009,-0.001420433,0.045905168,0.007203954,0.03802916,0.241493635
2012_5,-0.07920127,-0.043994866,-0.028895654,-0.054469855,-0.035705323,-0.097566099,-0.07786924,-0.082024587,-0.140660982,-0.306926544
2012_6,-0.04250318,-0.014989925,-0.024041967,-0.047687558,-0.046596043,-0.028111212,-0.013959032,-0.108267148,-0.063264823,0.053518704
2012_7,-0.052294775,-0.054001764,-0.024208799,-0.017350458,-0.051450262,-0.130281723,-0.035911641,-0.030571785,-0.007582525,-0.396129438
2012_8,-0.081385422,0.002388227,-0.058018746,-0.010696405,0.001652495,0.082574347,0.117310968,-0.026479021,0.091931311,-0.042229828
2012_9,0.094318063,0.02505151,-0.016348946,0.018569605,0.030527756,-0.080624256,0.054408285,0.101111918,0.004491878,-0.121091147
2012_10,0.046887074,0.013597011,0.022270116,0.155933059,0.046961762,0.156456273,0.034515031,0.060247219,0.038457012,0.095169095
2012_11,0.024217073,0.133081784,0.048589791,0.040720459,0.110512742,0.008142012,0.037783986,0.066673834,0.08965353,-0.105540285
2012_12,-0.01998658,0.102984988,-0.032932415,0.022159654,0.017947856,-0.001677785,0.053743994,0.002925441,-0.033667331,-0.431877436
2013_1,0.004860927,-0.018604806,0.028356507,-0.01950968,0.012923704,0.096223127,-0.019167571,-0.003165159,0.018634925,0.419197707
2013_2,0.037736275,0.062181071,0.050749608,0.048434646,0.065713905,-0.017201971,0.075936855,0.052809271,0.051829919,0.091424851
2013_3,0.026069282,0.009729746,-0.024814965,0.000517504,0.004679227,-0.112938041,-0.0736713,0.000457145,0.042620355,-0.3494811
2013_4,-0.034901469,-0.031623751,-0.028902253,0.002321589,0.076757234,0.090757391,0.07016523,0.023752838,0.139493397,0.250841028
2013_5,0.018249743,0.019021044,-0.011520996,0.031858969,0.060651175,0.013162252,0.026406225,0.001408873,0.046789067,-0.122603765
2013_6,-0.009579791,0.049339357,0.036841548,0.018811559,-0.075080483,-0.01118775,-0.11113441,-0.009921104,-0.044058474,-0.436971454
2013_7,0.008397979,0.025715416,-0.002609143,0.032022957,0.085503886,0.040856444,0.120727781,0.049690722,0.044148848,-0.325109909
2013_8,-0.014064958,0.032039196,0.023042418,0.021953888,-0.057798071,-0.015529895,0.026456395,-0.007287779,-0.009037501,0.347484159
2013_9,0.002424338,0.077015605,0.061643377,0.043062593,0.097644261,0.07177354,-0.004911266,0.041959917,-0.090430185,0.251349741
2013_10,-0.025717298,-0.019482853,-0.00361707,-0.005600235,-0.008070391,0.003624635,-0.006381959,0.011372029,-0.156950227,-0.221369707
2013_11,-0.025037017,0.02454236,0.078339959,0.019855582,-0.014856725,0.00271944,0.00777398,0.028809233,0.184234111,-0.120924583
2013_12,-0.027222128,-0.007137027,-0.024058741,0.003555045,0.040648035,-0.008209101,0.113574586,0.024643872,0.01213426,0.010247249
2014_1,0.070380095,-0.00761079,-0.022354266,-0.065255661,0.040351982,-0.003902325,-0.074027453,0.008851449,0.014447654,-0.337229105
2014_2,0.013631034,-0.055723067,-0.000506627,0.079614289,0.031646537,0.023997754,0.12267764,0.046344351,0.068778391,0.194606635
2014_3,0.05707709,0.140517954,0.071952408,-0.002512767,0.072990872,-0.002395848,-0.045742208,0.020934452,0.009513703,-0.079816676
2014_4,-0.023377041,-0.031101991,0.010001837,0.019646177,-0.008681336,-0.038743634,0.04746499,-0.052225962,-0.012922984,0.392638023
2014_5,-0.015420069,0.006094065,0.015098726,-0.067896647,-0.015589114,0.000402854,0.009973672,0.03321628,-0.020281662,-0.225562783
2014_6,-0.003622428,0.049168543,-0.038979211,0.055260836,-0.016689889,0.022727662,-0.014764633,-0.017728749,-0.020369008,0.432953933
2014_7,-0.017741977,0.024278066,0.037903432,-0.015491359,-0.023081213,-0.041899783,-0.030782307,-0.037186193,0.107906446,-0.63081158
2014_8,0.03251943,0.071444655,0.029700393,0.015678738,0.012950782,0.027567413,0.047211951,-0.206501149,0.028441356,-0.632691004
2014_9,-0.021938754,-0.042835833,-0.032983242,0.014166291,-0.006110916,-0.043988837,-0.053210902,0.174606812,-0.025726618,-0.164311483
2014_10,-0.026948926,0.025650828,-0.029433875,-0.02621918,-0.039064452,-0.025300754,-0.036747098,-0.017729548,0.039235906,0.113924335
2014_11,-0.036886048,-0.011262362,0.010791589,-0.045426901,0.013261669,0.018018531,0.021255132,0.018965846,0.002717481,0.152393445
2014_12,-0.049704143,-0.062369664,-0.021548317,-0.074449773,-0.043026702,-0.049959259,-0.094901446,-0.064663322,-0.063958431,0.102665216
2015_1,0.043691729,0.116850504,-0.022298041,0.022762993,0.014260428,0.021724571,0.032705361,-0.037178622,0.005771952,-1.09787945
2015_2,0.03546818,0.022068168,0.050524697,0.040922468,0.061993603,0.053326711,0.073891799,0.095577152,0.067308566,0.529027607
2015_3,0.055163158,0.011657064,0.021291288,0.065875812,0.016804582,0.071216042,0.051484958,0.003538633,0.009153719,-0.340836388
2015_4,0.015588026,0.025812849,0.009146586,0.009935181,-0.016592877,0.002799831,0.001452083,0.013952945,-0.025625406,0.154088773
2015_5,-0.002323288,0.015865067,0.001651346,-0.003733232,-0.0170151,0.009261911,0.026286195,0.013126682,0.121140367,0.000922411
2015_6,-0.009471734,-0.016808769,-0.012891034,-0.001117072,-0.006479253,-0.036588847,-0.043588641,-0.022821907,-0.03671643,-0.606194227
2015_7,0.068544501,0.042554919,0.029898236,0.012063621,0.031947246,0.007386962,0.034070313,0.020800189,0.029553029,0.253142617
2015_8,-0.013049249,0.009702956,-0.025175465,-0.011268531,-0.016065397,-0.005624913,-0.029250027,0.016335981,-0.021818378,0.227171424
2015_9,-0.034940133,0.003528478,-0.026691598,-0.029543553,-0.030421979,0.001972747,-0.025487152,-0.025417803,-0.04914583,-0.531199371
2015_10,0.005288265,-0.002137965,0.079701608,0.012166628,0.00812033,0.015850731,0.01790549,0.039523331,-0.023036385,0.461072212
2015_11,0.04689233,0.035985481,-0.01226857,-0.006961904,-0.029927007,0.01909549,0.009103157,-0.007867783,-0.005975987,-0.027992906
2015_12,-0.036971107,-0.029648993,0.007163188,-0.050629955,-0.039212129,-0.025913633,-0.036355814,-0.036145829,-0.021282932,-0.066912557
2016_1,-0.027069556,0.014056417,0.016617138,-0.049077113,-0.021831887,-0.047351856,-0.033607625,-0.043510929,-0.01453921,-0.107423082
2016_2,-0.02761352,-0.014284132,-0.002399195,-0.006684681,0.024089026,0.0394718,0.044608098,-0.004316791,-0.000138564,-0.018558819
2016_3,0.061905575,0.009626203,0.017818127,0.016518246,0.024205169,0.00404036,0.027044917,0.013349612,0.023743528,-0.16441162
2016_4,-0.032033576,0.021321021,0.025206152,0.018744528,0.025868359,0.01663289,0.016182055,0.004912323,0.02979402,0.227232329
2016_5,-0.001358289,-0.011623033,0.010450896,0.021877112,0.00881866,-0.02084677,0.015195178,0.009924144,-0.000738292,-0.45738571
2016_6,0.005596082,-0.003450324,-0.072078427,-0.010136213,-0.030724372,-0.031213317,-0.021641527,-0.024200173,-0.034143493,0.182807309
2016_7,0.034351742,0.041137716,0.047210506,0.070774367,0.036596802,0.068520897,0.067273888,0.092993747,0.08482012,-0.432764884
2016_8,0.033060435,0.029644967,0.108537268,0.025377759,0.01166953,0.054172523,0.058879463,0.029966866,0.032656345,0.492725699
2016_9,0.003433811,0.002276835,-0.009251118,0.003935241,0.029143604,0.010558581,-0.016599232,-0.041923111,0.00641953,-0.011295871
2016_10,-0.008367702,-0.012414798,-0.008875667,0.004508023,-0.02324023,-0.005824132,-0.002155525,-0.0813852,-0.026869228,-0.186441245
2016_11,-0.012921259,-0.006728799,-0.015498703,-0.005492114,0.099628482,0.040949941,0.034992403,0.039952647,0.042096469,-0.005321827
2016_12,-0.030382,-0.004099108,-0.022881904,0.006746169,-0.07981865,-0.003940548,0.014261513,0.022016959,0.013081737,0.4518507
2017_1,0.038702598,0.042013857,0.03154378,0.092216088,0.067328955,0.054704785,0.043819473,0.046566158,0.027580896,-0.550162101
2017_2,-0.017478007,0.031690962,0.06442473,-0.032612908,-0.039095299,0.035245523,0.001344949,0.049577652,0.013933393,0.042936452
2017_3,-0.003418391,0.020499901,-0.01445952,-0.000665007,0.068646359,-0.003574441,0.012127472,0.002240222,0.001661501,0.302278409
2017_4,0.032228737,0.034086699,0.04184866,0.025458974,0.03702028,0.021349945,0.023478136,0.067412967,0.047283824,-0.008227771
2017_5,0.022409388,0.028270978,-0.011538739,0.004821853,0.039649531,-0.054512532,0.048838951,0.017132127,0.032870125,0.012309884
2017_6,-0.020388283,-0.018591774,-0.063111783,-0.028411104,-0.039590966,0.025218132,-0.060089168,-0.047763826,-0.054923342,-0.055213549
2017_7,-0.008256762,0.019991271,0.026604086,0.006638763,-0.015038394,0.009688508,-0.021484304,-0.018580558,-0.014313032,0.029584552
2017_8,-0.056200499,-0.060655067,-0.07526552,-0.025584805,-0.050007165,-0.074204838,-0.076179043,-0.06124955,-0.006516755,-0.056495651
2017_9,0.024419007,0.022980865,0.000870351,0.031345184,0.020037302,0.017538498,0.036576034,0.046909185,0.028012354,0.023240641
2017_10,0.026962016,0.005413489,-0.002404539,-0.020156558,-0.009746876,0.140591901,-0.002250783,-0.027681385,0.028241298,-0.018449884
2017_11,0.008856043,0.018452706,-0.005215731,-0.001414542,0.02614941,0.018954706,0.058905816,-0.003927382,0.005522829,0.034015074
2017_12,-0.005780438,0.045440143,0.02722524,0.000521569,0.016464677,0.034778914,0.018024539,0.013245658,0.006190254,-0.021556869
2018_1,-0.012859934,-0.040420133,-0.005218178,0.004923682,-0.0124013,0.000544069,0.009396973,0.003165016,-0.016477213,0.03468317
2018_2,-0.029669434,-0.016791715,-0.035446447,-0.00616269,-0.01002338,-0.006138582,-0.005047793,-0.042308255,-0.030463034,-0.02479794
2018_3,-0.026644564,-0.042153557,0.02078322,-0.023683886,0.009264315,-0.027924117,-0.044007057,-0.038493504,-0.026231736,0.00321597
2018_4,-0.021415557,-0.060322953,-0.023514825,-0.03037472,-0.05333461,-0.04629736,-0.01213418,-0.042007474,-0.033025047,-0.007679063
2018_5,0.0424171,0.000328822,-0.012556209,-0.011368189,0.001422396,0.018449583,-0.0027379,0.011497514,0.002340133,-0.020518465
2018_6,-0.054522244,0.006136269,0.005037594,0.007880631,-0.024372038,-0.018730175,-0.018508075,0.011290013,-0.042213025,-0.012285663
2018_7,-0.029714963,-0.039938827,-0.02047504,-0.031284607,-0.000496359,-0.017714849,-0.043039617,0.013903316,-0.035487757,-0.007936773
2018_8,0.034031364,0.035864185,0.050567692,0.120069188,0.071152105,0.065109069,0.078933941,0.03231071,0.086892067,0.058227855
2018_9,-0.016765163,0.019833238,-0.013949414,-0.012782443,-0.019386282,0.032673777,0.080374886,0.012509467,0.008047089,-0.028038264
2018_10,-0.041345926,-0.020440907,-0.043099916,-0.043888113,-0.025372711,-0.024132142,-0.09598456,-0.027590207,-0.009767179,-0.042700156
2018_11,0.006083614,0.01444494,-0.030781342,0.010166388,-0.008125204,0.007588271,-0.040055712,-0.000645813,-0.01249186,-0.034827587
2018_12,-0.069506871,-0.048413672,-0.080993744,-0.113880237,-0.053373726,-0.113361288,-0.138634647,-0.115376457,-0.103148758,-0.11996801
2019_1,0.111791195,0.058464499,0.102906792,0.108000888,0.100296339,0.077322569,0.092757264,0.091302593,0.089247726,0.062160362
2019_2,0.024205427,0.00131404,-0.011307985,-0.017164933,-0.007184914,-0.011210615,-0.003875259,0.028610134,0.021846364,0.03148743
2019_3,-0.0195579,-0.008925084,0.027562466,0.018194169,-0.001202434,0.016420373,-0.003949308,0.008614593,-0.017619565,0.008737528
2019_4,-0.006908172,-0.011780171,0.013497115,0.010609822,-0.017214382,0.000840159,0.00310716,0.003032757,0.004305674,0.023176486
2019_5,-0.037116699,-0.011149056,-0.072211242,-0.002198985,-0.033519868,-0.009711142,0.007174979,0.017876935,-0.014030159,-0.015518872
2019_6,0.026799063,0.047435521,0.001042604,0.000111435,-4.00E-05,0.020392651,0.023854225,0.05209385,0.002077354,0.015494016
2019_7,-0.049359462,-0.014722532,-0.032248945,-0.00070575,-0.019856759,-0.026670638,0.030883563,-0.000891886,0.011241391,-0.00249077
2019_8,-0.0227857,-0.060692208,-0.003631674,0.010636299,-0.006880557,-0.008728781,-0.028620346,0.01730244,-0.006313017,0.000160888
2019_9,0.016459651,0.01177839,0.009301078,-0.009237773,0.049607442,0.009129027,-0.031158998,-0.021855783,-0.00256842,0.013039731
2019_10,0.006085359,-0.013792508,0.018391185,0.068524191,0.02954476,0.034448892,0.054950092,0.02477255,0.04220742,0.050953169
2019_11,-0.015921772,-0.001018095,0.000686616,0.019034123,0.034491771,0.02126544,0.016368351,0.012312455,0.009571521,0.019919987
2019_12,0.115006122,-0.014593667,0.016566144,0.031857408,-0.008630152,-0.026879912,0.008101843,-0.038787783,0.024931031,0.019896583
,,,,,,,,,,
,,,,,,,,,,
,0.082506511,0.609917329,0.309428971,0.401395644,0.505673214,0.492715196,0.46209511,0.309135634,0.641114328,-2.203082906
,,,,,,,,,,
,,,,,,,,,,
,,,,,,,,,,
,0.082506511,0.609917329,0.309428971,0.401395644,0.505673214,0.492715196,0.46209511,0.309135634,0.641114328,-2.203082906
